"id","V2","V3","V4","V5","V6","V7","V8","V9","V10","V11","V12","V13","V14"
"W1",36265.4125,36360.85,36233.4625,36131.7875,36337.8625,35814.6125,35866.2625,35556.3,35522.1875,36151.45,36347.725,35123.4,35267.0875
"W2",3630.1375,3648.74875,3628.21875,3593.31,3617.02625,3599.3975,3542.73875,3517.69625,3531.9475,3617.2,3575.77125,3511.68875,3493.9325
"W3",9807.47375,9860.93625,9754.79625,9622.09875,9655.27875,9930.085,9875.9525,9740.77375,9649.0875,9957.24375,9928.72875,9765.985,9649.25625
"W4",2155.1725,2256.6625,2352.21625,2624.8625,2459.01625,2706.4825,2600.38125,3359.46,2827.18375,2973.5,3357.585,3915.74125,4282.6
"W5",1598.8125,1630.19875,1633.08875,1719.38875,1717.94125,1891.83875,1760.26,2166.45625,2193.0125,1887.555,2153.69625,1560.45,1306.48
"W6",522.735,577.333625,548.621125,645.135375,654.865,794.815,734.430625,837.396,1298.7475,1102.075,999.599375,832.9955,700.085625
"W7",3563.24,3050.87875,2712.98,2472.0925,4512.20125,3181.16625,3045.58125,2296.6275,7152.365,7092.5925,3795.50875,2909.03625,3064.315
"W8",3997.78875,4532.80625,5585.90625,4303.0225,6508.20375,5200.0925,5392.66875,4053.61875,4914.18625,6879.94,4396.68875,3345.8525,3119.84
"W9",8265.47,8001.69625,9101.7,8433.60625,9573.62125,7895.59375,8227.8875,9852.77875,9859.98875,10004.30625,7928.15375,7262.55375,7219.84875
"W10",5048.71375,5023.83875,4947.6325,5465.4575,5397.7525,5404.3575,5436.89125,5379.55125,5330.50125,5137.845,5047.43625,4966.85,4830.24
"W11",368.210625,344.91375,356.6365,352.012875,400.80475,467.641,357.171125,363.999,387.460375,427.979125,385.819375,355.059125,388.71
"W12",1042.1525,1070.14625,1075.89875,1067.10375,1060.79375,1063.9275,1058.74625,1050.1525,1046.49375,1036.95,1050.0225,1055.41375,1047.9225
"W13",2316.15,2348.9975,2367.335,2371.80875,2393.93375,2438.6625,2490.05875,2494.805,2482.84125,2392.955,2500.52625,2580.0225,2591.62375
"W14",2286.78,2317.56875,2331.03375,2317.40625,2376.405,2436.075,2439.14625,2469.98125,2476.555,2448.8425,2511.5175,2665.03625,2430.2075
"W15",4372.96625,4650.07375,4760.9875,4427.9625,4215.5925,4528.3325,4239.475,4104.3225,3992.07375,3602.015,5014.0375,6814.50375,4296.20625
"W16",4345.06125,4624.09625,4782.42125,4427.83625,4207.48625,4542.0175,4222.59875,4127.73375,4271.3075,4162.77625,5188.73375,7076.3625,4368.99875
"W17",11926.35,11947.4875,11979.9875,11892.6,11927.2875,12012.0125,11950.425,11979.4625,12085.5875,11942.7,11939.575,11965.025,12007.075
"W18",4370.9525,4379.27,4383.27375,4409.75625,4408.0625,4351.51625,4349.50125,4330.18125,4391.975,4388.7375,4398.46375,4373.23,4396.6875
"W19",2866.6125,3260.31625,2694.97625,2839.15625,2680.29375,3741.15375,3009.505,3201.43375,3596.57625,7321.89625,6817.00125,4116.08125,2971.69375
"W20",4003.06875,4312.73125,3923.1675,3878.64125,3061.005,4248.24625,4006.7875,3802.695,2753.5875,3600.46,5523.00875,4659.59625,4123.34125
"W21",2399.25875,2197.755,2171.59125,2672.73375,2975.77,2583.7675,2245.33375,2710.75125,3448.5775,3393.39875,3404.79875,2317.56875,1917.31
"W22",3438.49875,3487.7,3242.38125,3122.17,2803.9775,3524.31375,3103.51625,3774.28875,2562.2225,3079.27,4398.02125,3595.5975,3108.32875
"W23",743.091875,765.75875,755.448,729.18,549.884875,780.18625,746.25375,744.816375,542.243125,754.219875,1056.95625,920.387625,789.311625
"W24",7075.17375,8165.775,7037.265,6756.62,6684.6025,12593,7683.10625,7459.98875,7479.47875,20598.4625,17742.8375,10208.99125,7142.72
"W25",1455.12875,1683.58375,1984.8075,2264.99375,2353.0025,2685.935,2400.06625,2489.31875,2584.2575,2723.48,2806.285,2167.4725,1885.6075
"W26",2876.01625,3156.81,3139.2525,3754.78875,3541.94375,4257.87375,3999.32625,4445.77875,4662.32,5346.0275,8303.3575,4047.50625,3708.48875
"W27",2016.48125,2639.89625,2022.19875,2620.62875,2690.95625,3076.55875,2530.17125,3340.62,3667.92125,4275.22125,4279.57625,2766.31125,2491.64625
"W28",5304.0725,4504.97625,4922.135,6130.49625,7220.95125,5939.16875,5231.0525,8765.945,13416.375,11373.65,9195.77625,5824.3125,5366.695
"W29",915.94025,1100.05875,980.89825,1000.135375,1018.665375,1469.48,1288.515,1237.30375,1048.407625,1639.05875,2086.48375,1299.70125,998.4345
"W30",3738.525,3894.43125,3559.28875,3938.02625,4047.99375,4494.29625,4097.76375,4739.80625,6668.32875,5292.84125,6231.14125,4690.3525,4238.5525
"W31",897.45025,958.74575,1060.2,1269.26,1451.02125,1599.86875,1322.96875,1830.195,1948.85875,1793.63125,1636.30875,1263.60125,1133.00625
"W32",4845.02875,4253.51125,5598.37125,4786.78375,6476.93625,5073.8325,5689.11875,6377.67375,7270.44875,6703.96,6332.175,5057.19875,5257.95125
"W33",1710.3125,1671.3875,1896.60125,2083.28125,2793.50625,2011.33875,2133.4825,2761.2925,3479.5525,3438.27875,2224.86,1877.595,2109.52625
"W34",1537.89,1473.84,1565.96625,1371.715,2010.78125,1781.9,1869.55875,1504.01875,1720.58,2500.02,1700.8275,1415.45,1452.9775
"W35",1188.80625,1198.0075,1200.2825,1074.2475,2088.14,1832.91125,1446.11125,1144.4325,1224.835,2449.31625,2017.0125,1485.5575,1587.33375
"W36",15816.0625,14689.8375,13263.2375,14415.6,12191.4,10556.5625,12134.525,14805.325,18812.275,16009.2375,13077.1125,13471.8375,16966.2
"W37",2916.80875,2956.92125,2962.5325,2974.5775,3007.78125,3000.78375,2995.70625,3007.96375,2998.52375,3007.8225,2993.90375,2977.39125,3038.5725
"W38",3173.015,3229.01,3204.7025,3199.40125,3197.4475,3232.1975,3237.825,3271.91,3266.355,3278.5625,3269.88125,3246.11125,3290.85375
"W39",5823.2775,5824.03375,5820.78875,5782.39875,5774.665,5788.94625,5765.00625,5794.91625,5794.065,5795.49125,5816.78625,5789.34875,5825.74
"W40",5842.8675,5831.37875,5825.01875,5738.4975,5746.42125,5784.69,5777.31125,5792.71625,5828.815,5771.99,5773.39875,5775.92375,5785.8625
"W41",6187.32625,6277.33125,6314.85,6215.53125,6204.745,6125.0825,6106.90125,6210.49625,6279.59,6346.83375,6313.645,6336.52375,6346.48375
"W42",6205.6875,6287.92875,6267.595,6200.42875,6184.5725,6130.87,6132.5825,6243.50125,6328.66125,6394.22625,6324.78375,6357.18875,6353.7175
"W43",6228.86625,6270.335,6264.8025,6203.83375,6170.13125,6111.905,6083.0625,6197.805,6297.14625,6353.6,6309.4875,6318.29625,6339.73125
"W44",5846.62875,5805.875,5769.07875,5731.08625,5733.84625,5714.96875,5736.5475,5733.1875,5791.03,5763.38375,5753.37375,5761.9675,5756.87375
"W45",2960.815,3003.32625,2989.8375,2943.74625,2908.4325,2957.01125,2949.45125,3023.03375,3022.48625,2979.25,3027.8075,2994.87375,2929.635
"W46",3384.25125,3459.4075,3445.50625,3329.83125,3287.2175,3226.555,3241.935,3192.45625,3176.93125,3214.02625,3247.75125,3322.0175,3256.57875
"W47",2964.23875,3020.62625,2988.47875,2939.3025,2893.24,2943.0475,2928.28,2998.3325,3007.61,2981.93125,3005.2825,2981.145,2934.26
"W48",3109.845,3126.075,3069.73,3055.685,2971.99,2928.695,2902.5925,2872.34,2911.43375,2915.9375,2954.075,2910.38625,2900.25625
"W49",3288.07875,3349.09875,3333.145,3315.78375,3238.4,3293.72625,3267.32,3272.995,3297.1025,3281.75375,3325.9025,3273.915,3179.7775
"W50",3297.24625,3370.87125,3325.275,3306.255,3242.16125,3272.8325,3252.96125,3252.07875,3271.86625,3295.79125,3323.86375,3277.5975,3184.41375
"W51",6556.25625,6617.16375,6578.07375,6509.57625,6472.23,6434.79625,6413.99625,6428.02875,6355.6075,6442.00875,6486.76875,6509.325,6491.1625
"W52",7195.68375,7284.55625,7167.31125,6979.715,6889.60375,6917.44375,6972.16125,7068.9275,7094.74,7064.1675,7114.31,7248.56375,7224.3375
"W53",1901.0425,1977.57375,1765.2775,1805.585,1888.15,1847.34,1953.0775,1989.705,2022.6575,1854.96625,1984.62375,2039.02625,2034.4675
"W54",2490.58875,2498.95375,2459.22625,2467.07625,2472.9125,2511.32,2483.29625,2512.7525,2539.345,2561.6825,2599.8425,2602.6,2571.89
"W55",4776.60625,4757.15375,4725.87875,4569.35125,4418.41125,4321.5925,4274.63375,4045.61125,3992.99,4016.23875,4033.3725,3846.97625,3706.29
"W56",3006.41125,3061.70125,3112.3575,3133.8375,3221.715,3316.925,3403.26,3536.1575,3561.07375,3655.22,3690.2775,3704.18625,3761.365
"W57",2129.18375,2024.3175,1932.93125,1887.05625,1833.01,1757.75875,1753.18125,1713.7175,1637.715,1578.785,1543.2475,1528.665,1491.2
"W58",3392.53125,3347.0875,3339.1125,3279.86125,3257.69625,3262.5775,3295.72125,3291.09875,3251.8975,3229.455,3115.73125,3049.67,3065.07875
"W59",2184.3175,2144.21125,2356.9,2367.0075,2736.50125,2594.25125,2545.89125,2557.2025,2711.4,2070.83875,2163.40625,2287.02125,2206.29125
"W60",8943.82,8998.43125,9043.67875,9074.9175,9188.67125,9215.8,9230.06,9240.45625,9206.6575,9199.6175,9293.74875,9264.1475,9361.4375
"W61",9839.02875,11703.6375,11736.1375,10441.4,10302.1375,11196.425,11303.7875,11008.8375,10876.7875,10363.5125,10443.0875,10726.2875,10582.3875
"W62",7208.9275,7017.34375,6960.54,7050.46625,7044.6875,7113.1525,7072.52875,7259.7125,7278.24,7583.7225,7603.6925,7607.4675,7635.3725
"W63",5988.2825,6116.75,6137.64,5896.65875,5889.655,6199.04,6194.65375,6275.02875,6246.495,6437.63,6470.7,6587.575,6545.9575
"W64",12628.3,12153.4125,12975.15,14091.5875,14376.625,12425.7,12758.425,13861.2125,14477.1875,12641.375,13160.3375,14740.825,15912.3875
"W65",17895.8875,17388.6,18321.875,19684.3125,20008.7125,17685.1375,18165.7875,19187.9125,19920.975,18045.7,18722.5875,20462.9375,21864.425
"W66",7537.7675,7596.5825,7470.68875,7354.1025,7441.45,7651.775,7619.51,7492.64125,7487.4325,7714.2075,7701.88625,7539.94125,7426.73625
"W67",13334.0625,13364.8375,13426.6375,13758.5625,13826.625,13700.375,13687.6375,13702.5625,13636,13634.5125,13617.025,13697.825,13813.0625
"W68",6885.765,6889.89125,6876.42375,6881.09125,6871.80125,6784.56375,6741.1425,6725.2075,6702.76625,6665.86,6675.1575,6621.91375,6665.315
"W69",6881.035,6874.38625,6901.2575,6897.24875,6805.5425,6773.46625,6754.13,6700.97875,6728.48875,6671.98,6629.615,6684.07,6693.84
"W70",2599.4775,2586.09125,2580.26625,2598.60875,2580.50125,2570.53375,2605.35875,2617.78875,2631.7325,2627.0775,2603.3225,2599.615,2592.4825
"W71",1962.30375,1937.9975,1922.75375,1946.01,1949.46375,1947.5775,1937.61,1916.2075,1929.16875,1901.475,1901.75,1921.195,1948.865
"W72",1970.39375,1943.67875,1938.755,1935.3125,1949.49125,1948.1975,1944.03125,1916.1625,1927.17875,1907.22625,1903.53625,1925.31125,1935.70875
"W73",1961.67125,1947.0825,1931.8375,1948.57875,1942.94875,1938.98125,1940.52625,1914.16,1920.8075,1900.85,1911.24125,1907.9375,1928.20375
"W74",4614.155,4485.13625,4600.705,4966.1,4069.1225,4139.105,4474.80375,4398.455,4065.165,4265.18625,4916.3675,5873.65875,5944.3025
"W75",24570.4125,24814.8125,26537.9875,26004,25656.25,25361.675,25391.8875,24246.4125,24696.4625,25397.5625,25795.3125,27606.4,25422.075
"W76",526.834,569.693875,569.43125,562.647625,459.682,479.791,487.98175,497.533625,504.348,515.371625,524.536625,524.33125,518.819125
"W77",3271.87375,3724.67,3322.44625,2557.9225,4019.05,4767.99375,5307.04,4976.7025,4839.09625,4118.3525,5045.94,5173.34375,4822.6
"W78",3414.305,3561.755,2911.295,2821.50625,3938.44125,4651.55125,4749.5225,4766.8225,4796.21625,5351.395,4938.83625,5411.7275,4564.30625
"W79",1446.675,1363.7925,1466.835,1492.965,1494.615,1477.69125,1434.04625,1454.5975,1455.61,1427.37125,1458.3375,1482.12,1525.23875
"W80",1372.2325,1452.99625,1486.94,1484.1875,1488.5675,1422.2875,1421.86375,1483.57,1431.3925,1469.23,1481.21125,1525.24875,1552.49375
"W81",24859.375,25048.2125,25973.9875,26678.9,25826.975,25786.15,25421.275,25251.9625,24295.3125,25452.1625,25550.15,27322.8875,27534.875
"W82",4407.30375,4438.30625,4418.5025,4420.44,4411.59,4445.92375,4418.37,4421.19,4439.9625,4456.4025,4472.675,4476.9825,4480.38
"W83",6064.1925,6033.67,6078.81625,6037.575,6022.345,6020.1025,6060.96125,6102.145,6066.53125,6102.65125,6069.99125,6104.65375,6084.39375
"W84",6012.615,6052.12375,6064.05875,6084.7275,6067.12375,6081.52875,6142.99875,6131.905,6130.43125,6121.49625,6108.75625,6109.62,6075.39625
"W85",17328.4875,17289.5875,17162.1875,17193.325,17187.65,17140.8375,17155.1125,17112.2375,17114.65,17152.7,17046.475,16979.0125,16893.45
"W86",17300.275,17177.275,17223.05,17181.6,17145.5,17160.2875,17105.7875,17119.8375,17076.4375,17113.0375,17052.075,16938.6125,16868.975
"W87",1081.34875,1081.00875,1086.0125,1081.13125,1088.59875,1088.49375,1089.52625,1087.795,1093.44,1093.05875,1097.03875,1089.42375,1075.32625
"W88",12008.425,12092.2375,12006.8375,12059.8875,12018.3375,11961.1875,11979.4,12077.4,12068.45,12109.1375,12191.175,12378.55,12367.9125
"W89",1248.1475,1277.06625,1253.2175,1282.425,1330.26,1333.675,1245.9275,1266.35875,1275.81875,1287.16625,1263.15875,1254.22125,1214.59875
"W90",1914.98375,1909.69625,1937.205,1927.69,1935.02,1935.17625,1933.14625,1932.2925,1920.9725,1926.10125,1907.135,1937.18125,1869.1025
"W91",20362.25,20405.45,20560.1875,20510.625,20652.3625,20713.65,20488.9625,20608.2,20531.725,20645.125,20383.5125,20584.725,20046.5875
"W92",24284.325,24681.675,24444.975,24629.25,24571,24641.7375,24144.7625,24230.5,24238.4,24520.2625,23766.0375,23157.8375,21946.375
"W93",1741.67125,1725.2475,1732.2425,1748.56625,1772.845,1762.18375,1749.2425,1748.43,1755.4075,1757.71375,1751.24875,1751.35,1761.9675
"W94",1745.65875,1722.81625,1703.225,1734.14125,1751.885,1761.7575,1786.20625,1808.0125,1778.34375,1764.72375,1746.855,1708.505,1697.46625
"W95",1571.83875,1562.2275,1553.5725,1566.0025,1588.74875,1584.5,1611.9375,1610.5475,1607.65375,1609.095,1573.39125,1542.91125,1568.615
"W96",11252.85,11415.9125,11257.4875,11342.4625,11400.225,11423.4,11415.5625,11441.65,11452.875,11539.0875,11583.675,11551.0375,11574.5875
"W97",504.058625,514.892,498.533875,510.26425,509.715625,525.746,504.8855,513.723125,510.139,513.89075,500.43575,478.531,459.0895
"W98",643.67675,658.917625,642.8665,650.113375,652.862,669.75075,648.45875,659.5825,658.224,664.0945,642.166625,625.300375,612.7885
"W99",15340.8,15319.3,15284.1875,15233.175,15244.1125,15225.5,15361.5,15424.5625,15335.25,15419.9625,15276.325,15412.1625,15429.975
"W100",11345.9875,11389.575,11249.375,11298.725,11280.7,11425.875,11419.85,11320.4375,11348.825,11414.9,11469.525,11512.375,11479.4875
"W101",9855.5625,9870.24,9779.6275,9884.91125,9985.43,9992.3725,9849.435,9949.60375,10002.49,10058.7275,10063.3575,10093.27875,10126.8575
"W102",15743.25,15914.0375,15863.275,15928.5875,15874.675,15826.075,15850.825,16104.4125,16095.6375,15964.6375,16082.2875,16274.4125,16253.5375
"W103",4122.1725,4183.66625,4024.2225,4118.8875,4101.94,4198.38,4132.2,4202.21,4191.21375,4198.6325,4143.21125,4123.34875,4056.84625
"W104",1043.38875,1045.60375,1032.68,1027.4975,1036.9625,1033.8675,1038.44875,1042.0575,1038.71125,1037.99,1036.225,1040.39375,1038.1175
"W105",9202.7775,9213.5325,9249.75,9261.03125,9293.98625,9311.78,9290.645,9306.80625,9281.2625,9305.03125,9288.05,9315.0025,9329.93375
"W106",2158.34125,2155.45875,2145.43375,2149.86875,2180.38125,2177.895,2162.31375,2167.625,2176.77625,2179.2925,2179.9125,2174.4875,2186.35875
"W107",23734.9125,23765.65,23865.7375,23896.3875,23933.3,24038.8625,24178.6625,24185.15,24280.475,24289.25,24295.8375,24303.0875,24358.45
"W108",16191.0375,16239.225,16138.725,16267.9,16224.5625,16337.0625,16287.675,16314.525,16375.9375,16365.725,16329.425,16313.95,16146.15
"W109",14445.525,14492.225,14458.075,14466.975,14536.8,14602.9125,14535.8875,14569.3,14604.5125,14620.55,14577.6,14563.35,14373.4375
"W110",7255.36625,7242.73375,7160.11,7189.855,7278.7575,7321.60625,7422.83625,7430.82125,7481.44125,7601.21125,7593.80625,7605.99125,7563.42
"W111",1069.19625,1068.74375,1069.95625,1074.485,1077.25375,1079.69,1076.67125,1079.05,1080.37125,1085.1175,1080.20125,1077.0525,1068.9975
"W112",9447.60375,9519.6725,9493.6875,9500.06125,9499.5425,9421.58125,9445.94,9566.30875,9512.61625,9601.98375,9688.7325,9821.93125,9804.125
"W113",742.9715,760.30325,732.613875,739.669,772.369375,781.6405,713.79175,717.08075,724.6305,740.8815,735.30875,756.739125,757.607
"W114",10498.8,10536,10603.55,10623.8375,10562,10629.6875,10593.05,10557.35,10543.5875,10593.3625,10560.0375,10810.475,10825.5125
"W115",11316.6125,11287.45,11361.9,11363.6625,11410.6,11480.625,11306.175,11345.925,11371.6125,11375.6625,11395.425,11652.175,11580.8
"W116",14548.4,15087.275,14324.1,14799.6125,15115.4625,15497.8875,14887.925,15318.35,15346.6875,15849.5875,15457.1,15119.725,15189.5375
"W117",7035.2525,7040.93125,7029.4075,7061.71625,7044.39875,7083.6175,7070.23375,7118.425,7183.34,7255.84125,7301.0775,7393.1825,7401.17
"W118",1742.63375,1722.72125,1721.695,1733.32125,1760.21625,1753.5725,1750.87875,1745.85875,1751.43625,1757.76625,1752.44625,1744.285,1749.18125
"W119",998.861625,988.197375,975.9695,984.075625,1001.903375,1001.78375,1034.265,1032.19625,1023.255,1004.41775,987.186125,968.555,973.49025
"W120",827.647375,825.77375,818.19675,812.095125,836.066875,838.994625,860.957375,869.0435,850.20175,856.121375,842.8065,818.926,841.171625
"W121",10402.5625,10420.3875,10290.8625,10402.2625,10456.9375,10502.6875,10475.7625,10523.95,10584.025,10653.4375,10600.05,10658.075,10690.5125
"W122",374.417375,380.542,370.518125,378.38525,371.132,388.7595,356.425625,359.471125,360.022125,368.03975,369.87325,368.704375,359.181125
"W123",483.331,490.956875,478.51925,487.719125,482.14125,503.6065,464.26875,468.9565,467.05125,475.59575,478.98,478.322125,475.72025
"W124",8557.7025,8602.05,8510.72125,8523.81125,8585.68,8609.3875,8731.73375,8857.74625,8829.92,8849.93125,8808.97,8875.865,8989.9625
"W125",10817.8875,10854.775,10832.8125,10786.9,10802.85,10950.0375,10893.375,10853.2625,10839.8875,10941.1875,10929.5,11058.85,10991.5
"W126",9580.77125,9605.845,9472.55125,9567.44875,9664.47625,9686.58375,9618.87625,9690.31375,9728.5475,9776.01625,9775.45,9789.04,9833.51125
"W127",10783.4625,10896.25,10804.95,10925.5875,10837.525,10864.4125,10878.8875,10984.85,11014.075,10982.9375,11014.8375,11251,11357.275
"W128",3627.8375,3684.775,3561.365,3624.29125,3647.70875,3707.9125,3649.96875,3659.99,3709.77375,3684.12375,3618.9475,3586.8175,3530.545
"W129",1020.0275,1021.075,1021.17,1021.1875,1026.465,1031.93375,1028.75625,1031.00125,1030.15875,1039.9325,1035.6275,1032.68875,1030.68375
"W130",8166.49375,8179.0025,8207.105,8259.1375,8264.95875,8238.9025,8234.0175,8284.3775,8261.20625,8260.6825,8301.32,8312.71375,8296.27875
"W131",2162.3825,2143.915,2146.34625,2155.99375,2172.0475,2165.6075,2158.23625,2164.7475,2157.96625,2161.82875,2169.58375,2172.27625,2173.67
"W132",22529.3875,22646.4875,22491.525,22604.3,22836.1375,22675.9875,22849.75,22739.9625,23025.7,23030.95,22897.275,22888.4,23129.45
"W133",13820.2375,13893.725,13797.8875,13841.6125,13955.925,14039.35,13942.225,14006.925,14114.1,14128.5875,14076.2375,14106.7125,14252.8125
"W134",12122.975,12184.575,12085.8375,12191.4,12264,12333.575,12240.3625,12285.9625,12315.8125,12372.925,12303.6,12410.35,12482.9375
"W135",6139.5525,6088.93,6054.16625,6076.77,6136.37625,6177.89875,6263.97375,6298.805,6341.49125,6379.985,6406.27625,6438.37,6418.59625
"W136",6352.93625,6425.70375,6448.42375,6342.60125,6339.57375,6428.5175,6464.45625,6507.39125,6534.98625,6497.82875,6547.275,6557.3525,6530.18125
"W137",7077.81125,7095.465,7079.00875,7089.0175,7090.44125,7115.465,7069.63625,7116.34,7163.4725,7216.1075,7291.64875,7340.85125,7289.63875
"W138",362.822625,376.1745,356.598875,369.380875,393.099625,395.6345,346.194625,353.557375,360.282,365.004875,359.693625,371.928875,365.93325
"W139",7914.7575,7907.23125,8013.69125,8047.28625,8030.68,8044.8,8084.8425,8005.0625,7949.53625,8027.77,8025.43625,8135.41125,8115.10125
"W140",8318.85125,8325.9225,8405.18875,8426.00375,8486.2225,8470.93625,8437.08625,8396.7,8360.63375,8443.7775,8400.67875,8535.49,8519.03875
"W141",10875.925,11279.8,10681.625,11080.8625,11223.1,11569.475,11045.9625,11452.6625,11396.6625,11803.9375,11503.0625,11375.325,11597.7375
"W142",5360.99,5380.9325,5388.80625,5410.69875,5396.705,5391.0275,5413.5475,5450.8225,5520.18,5520.23125,5555.9375,5681.405,5655.5075
"W143",11290.9625,11277.15,11213.275,11226.025,11456.6625,11482.55,11410.5875,11404.5375,11483.6,11487.9,11389.1125,11392.6625,11457.15
"W144",968.31875,974.815625,955.773875,966.968375,983.62625,989.499875,1010.793875,1021.74175,997.05,994.111625,977.364125,959.900375,962.505125
"W145",8137.17875,8215.535,8163.5175,8141.8125,8330.29875,8408.12125,8604.1325,8719.0575,8532.47125,8625.2425,8462.31625,8291.1975,8472.4225
"W146",6730.38875,6768.17625,6657.15875,6726.95375,6825.82,6797.66625,6745.7975,6772.48125,6857.41625,6856.045,6878.0175,6914.04875,6983.145
"W147",128.187875,124.83875,124.341875,126.44425,113.070375,116.427125,103.33025,109.82425,107.05325,110.51425,116.72075,118.094625,117.381125
"W148",230.179625,223.959875,223.487125,226.982625,209.464125,213.7205,193.194,201.40675,197.294,200.521625,208.8255,213.5785,219.696625
"W149",4466.84375,4480.0825,4451.74375,4481.58875,4535.53625,4521.6275,4671.90125,4771.8975,4738.87875,4748.7,4730.85625,4826.0325,4915.79375
"W150",8022.21,8079.855,8028.04125,8001.14875,7973.13125,8110.70875,8065.02125,8041.51125,8016.45125,8083.615,8101.6375,8122.23625,8100.8525
"W151",6288.40625,6338.49125,6245.125,6282.13625,6355.415,6385.75125,6297.66125,6331.325,6356.42,6424.45625,6453.21875,6430.57625,6472.025
"W152",8431.7325,8523.04625,8408.1325,8496.96375,8447.275,8445.1275,8433.93625,8433.02375,8508.69,8500.78625,8591.44375,8725.50625,8743.4325
"W153",2967.3275,3004.86375,2890.615,2942.26125,2945.2675,3010.86125,2949.48875,2956.25,3008.1625,2976.97625,2903.59,2887.35,2865.94375
"W154",8752.7875,8727.26625,8735.17125,8738.72375,8755.48625,8765.14875,8775.06,8828.0125,8796.9775,8856.06875,8777.23875,8836.0725,8770.0275
"W155",4581.61625,4587.375,4622.495,4626.5975,4620.88375,4666.43125,4648.52125,4684.58875,4661.1775,4673.50625,4688.84125,4706.9025,4714.0125
"W156",5469.28125,5463.49625,5505.4875,5509.33625,5496.8125,5519.63625,5517.96,5543.8025,5533.0375,5553.21625,5552.32,5577.1675,5549.12875
"W157",1431.25625,1418.4,1419.79625,1426.30875,1447.48625,1449.97125,1439.265,1439.27125,1443.74875,1445.8875,1433.19125,1440.0175,1448.04125
"W158",16421.525,16486.1,16496.9875,16555.1625,16752.2125,16713.3,16808.6375,16794.1,16857.4,16814.5125,16833.8875,16818.9625,16898.4
"W159",9222.05875,9328.22875,9199.1,9259.11875,9305.70625,9381.07,9382.2575,9404.77125,9460.3325,9491.72875,9434.5575,9441.2625,9532.75875
"W160",7983.4675,8090.155,7957.3375,8037.85875,8103.615,8128.0625,8058.88625,8085.0675,8144.025,8187.6725,8168.7,8201.525,8240.07875
"W161",12109.8125,12164.45,12182.8375,12252.2625,12363.4125,12295.4,12359.0125,12390.275,12341.7625,12243.7125,12317.85,12254.1625,12360.2875
"W162",4389.4125,4372.0125,4327.615,4330.525,4388.1825,4436.70875,4509.55625,4476.79875,4513.585,4562.5125,4575.13125,4618.475,4591.5425
"W163",3767.40375,3770.235,3751.3925,3740.0425,3761.045,3769.965,3769.9625,3746.735,3820.06875,3798.845,3797.335,3768.305,3742.63375
"W164",24523.55,24526.2625,24354.3125,24377.2125,24404.6,24367.1,24400.5375,24673.6625,24662.7875,24724.4625,24961.7,25381.6875,25762.925
"W165",3778.015,3799.73375,3710.30125,3727.0775,3759.8625,3816.93125,3672.86875,3686.74125,3687.29,3757.5875,3766.32625,3846.91875,3939.00875
"W166",2610.06625,2605.06625,2615.0025,2612.05875,2572.36,2590.36625,2578.57125,2581.1875,2598.185,2587.00625,2597.18875,2659.795,2713.595
"W167",2989.87125,2991.92875,3001.36125,2970.9825,2956.01875,2964.9025,2940.41125,2956.83,2939.57875,2957.82375,2979.5525,3064.67875,3115.14625
"W168",3735.92375,3825.62,3658.78125,3727.04125,3940.46,4067.31125,3876.81125,3936.58625,4013.6175,4062.26125,3921.8625,3818.0975,3732.88125
"W169",1643.15375,1651.885,1654.7175,1664.5575,1653.355,1667.9975,1640.86625,1665.14,1672.97625,1679.0075,1695.605,1735.715,1734.04375
"W170",3584.3475,3587.58125,3596.54,3610.81875,3606.5375,3607.9375,3576.17625,3589.53875,3619.20375,3619.5825,3656.94,3685.0275,3702.2025
"W171",6051.0075,6034.17375,6023.8125,6045.73125,6086.21125,6046.895,6037.85,6052.815,6090.7075,6093.14625,6066.9925,6077.45625,6099.575
"W172",3665.175,3691.8275,3663.21125,3707.72625,3728.36,3730.47875,3699.5575,3719.44125,3744.17875,3738.665,3731.4175,3746.55625,3752.77875
"W173",3399.80125,3524.535,3479.5225,3548.31375,3472.19,3611.9975,3634.9625,3583.17375,3540.19,3536.085,3451.53875,3513.78125,3457.61125
"W174",2798.5675,2788.48875,2791.445,2789.635,2774.10625,2808.26,2804.09625,2795.41625,2793.8825,2815.96875,2817.43125,2825.78625,2829.9825
"W175",3256.0525,3267.295,3245.38875,3259.4325,3286.11125,3315.45,3300.7625,3298.32625,3337.59625,3336.6875,3318.4325,3336.17,3340.38375
"W176",2388.005,2416.275,2462.64125,2466.19125,2435.59875,2416.57125,2468.32125,2509.28,2486.955,2443.98375,2499.61625,2573.6625,2680.48
"W177",6615.61875,6678.17875,6681.765,6634.81375,6776.18375,6888.1125,6885.6275,6880.69125,6901.89,7008.37,6865.9,6763.98875,6690.4225
"W178",1465.4875,1467.68375,1473.275,1477.64875,1484.03625,1483.69625,1491.05125,1505.14125,1499.1875,1496.34125,1492.52125,1499.52875,1475.215
"W179",2724.6775,2724.135,2730.7375,2734.33,2730.78,2738.375,2742.13375,2745.0275,2720.1275,2736.9875,2744.1025,2745.365,2753.8425
"W180",7263.24125,7216.72375,7202.22625,7249.87125,7301.19625,7267.0875,7248.615,7226.435,7273.9775,7275.11625,7261.34625,7284.95,7327.8925
"W181",8806.04875,8781.04875,8749.055,8801.11375,8775.205,8774.93875,8829.1775,8850.145,8888.8125,8898.48625,8876.45875,8930.51375,8978.31125
"W182",1324.19125,1308.79,1316.2,1316.48875,1322.38625,1328.605,1336.0925,1341.90875,1357.3325,1360.9975,1377.945,1376.135,1355.50125
"W183",6086.4725,6092.96625,6109.54375,6066.1825,6107.95,6117.06375,6133.80375,6148.03125,6186.53125,6194.9575,6198.18,6171.90875,6205.9625
"W184",4618.13,4604.36625,4608.22125,4646.62125,4647.7125,4663.14625,4651.6125,4673.15375,4679.54375,4706.48,4693.0775,4706.07375,4699.44375
"W185",4062.82,4082.25625,4059.815,4070.86625,4113.905,4112.5675,4101.13625,4112.37875,4129.08625,4143.32,4130.5175,4142.50125,4143.0875
"W186",1735.955,1728.47125,1720.6725,1726.78875,1726.46375,1743.74625,1749.44875,1752.795,1762.8175,1769.21125,1766.45375,1778.25625,1771.89625
"W187",950.58825,954.095875,940.690125,935.035125,944.54725,936.139875,926.456375,926.972625,917.14075,910.727,884.401625,923.3705,943.505875
"W188",2276.015,2325.5,2267.23125,2246.26,2262.4075,2252.455,2203.14,2172.39375,2142.52,2158.18125,2098.5675,2163.67375,2239.415
"W189",2072.41,2015.19,2014.80375,1978.1,2038.09625,1972.0375,1930.2275,1915.67,1921.22375,1799.56125,1621.5,1765.85625,1830.565
"W190",458.407,453.77225,447.97625,447.425,456.18275,450.455625,449.12725,452.898375,448.8065,443.779875,427.838,452.346625,461.91725
"W191",6501.0175,6317.81875,6484.15,6245.08125,6272.76,6189.71875,6026.6075,5964.43,6119.0575,5975.20875,5604.965,5848.8375,5976.0675
"W192",1192.53875,1234.84125,1210.49,1205.40625,1208.20375,1208.9975,1165.10625,1154.60625,1123.51125,1151.32,1095.55375,1147.75625,1197.66625
"W193",5807.13625,5624.73625,5507.14375,5460.36875,5503.95875,5285.545,5256.15875,5259.58375,5195.13125,5299.945,5200.0575,5297.4725,5435.225
"W194",496.4295,510.0635,499.461,490.934375,494.188125,502.601375,498.779625,480.7325,491.2135,480.922125,484.61225,479.192125,492.374375
"W195",1050.9725,1051.15,1059.60875,1059.145,1093.25,1088.1,1093.33125,1108.2425,1065.9625,1069.68125,1009.69475,1096.21,1148.46
"W196",9815.9875,9825.385,9700.30375,9528.42625,9635.34125,9335.3625,9303.77,9349.505,9300.475,9470.115,9536.73,9768.85125,10019.88375
"W197",3499.17875,3542.98625,3539.36,3480.8675,3574.635,3591.3375,3516.26625,3509.285,3450.1625,3471.5425,3357.29625,3511.12875,3657.12125
"W198",2442.36875,2382.94375,2368.59625,2321.89875,2375.65375,2299.88125,2248.21,2201.8375,2197.43625,2098.3325,1986.43625,2170.07,2169.95375
"W199",822.31625,824.31075,795.35975,781.140875,769.106,762.807375,749.937875,743.134375,711.811625,743.726125,748.599375,766.029,780.960125
"W200",1793.8375,1841.3225,1777.25875,1763.23,1827.51,1815.815,1768.7975,1836.9925,1683.005,1548.6825,1104.77625,1306.47875,1434.1725
"W201",2038.85625,2022.53,2028.15125,2013.57,2048.1475,2002.5925,2007.78125,2029.59625,1979.75625,2006.59125,1947.38375,2066.56625,2141.53625
"W202",4300.15875,4369.7875,4311.70125,4267.10125,4310.00625,4293.12875,4225.64125,4229.5075,4140.90875,4179.29875,4064.38875,4242.1925,4369.7225
"W203",5585.85875,5563.22625,5401.45125,5362.73875,5366.63,5190.8325,5026.85125,4999.745,4745.11125,4779.34875,4809.72375,5242,5312.75375
"W204",7323.6725,7396.75125,7359.26625,7355.6,7340.84125,7355.605,7342.595,7331.8175,7299.7725,7346.5375,7356.60125,7399.22125,7373.2725
"W205",13024.4125,12731.0625,13162.775,14045.625,14213.5125,15011.325,14261.1875,13726.5,12992.525,13270.8375,13156.6375,13165.75,12676.8375
"W206",983.432,1034.82,975.362875,933.704625,874.7025,794.633,977.849625,944.696375,927.175375,922.961875,988.831,1141.01625,1088.3825
"W207",10422.85,10496.5625,10054.695,10631.3375,11592.875,12588.9875,11162.4875,11743.8,12772.4375,12824.5875,12984.325,13019.5875,11961.375
"W208",26803.95,25565.3,22871.15,23737.9875,21478.275,19771.475,21184.925,24200.2375,29073.1375,26430.8625,22844.725,23270.225,28024.5125
"W209",4172.38,4184.0075,4189.50375,4179.59875,4213.28875,4137.78375,4141.155,4149.23,4148.1625,4138.33125,4125.305,4128.375,4107.495
"W210",8313.7575,7901.355,8806.46375,9263.86625,9268.72875,9513.705,8479.6025,8386.2125,7989.09625,8163.88875,8111.90125,8526.73125,7922.93125
"W211",18983.975,19113.3125,19224.6,19316.225,19260.6375,19225.275,19182.825,19253.3375,19283.275,19236,19183.1125,19421.575,19363.05
"W212",5538.1775,5466.58875,5436.42875,5817.00125,5898.19375,6099.705,5810.1225,5794.6125,5852.5175,5816.88375,5649.89375,5452.1425,5438.29125
"W213",3267.04,3325.67625,3207.47875,3255.81875,3140.805,3107.25625,3150.24125,3236.25,3361.41125,3461.33125,3343.91375,3416.81375,3353.25375
"W214",1747.70625,1734.61375,1744.4175,1747.43625,1789.84,1780.6425,1824.065,1862.425,1827.15875,1811.98875,1817.875,1790.12,1795.555
"W215",2363.42625,2383.6625,2403.9275,2393.9225,2425.74125,2472.295,2488.9025,2482.05125,2463.79625,2455.27375,2457.645,2467.86,2459.6325
"W216",3131.24875,3170.0725,3180.63625,3156.85375,3205.24,3240.74875,3244.6925,3251.44625,3231.9775,3229.03125,3227.6975,3229.72,3232.0375
"W217",10060.2175,10041.0525,9970.71,9793.31875,10044.93125,10022.69875,10062.375,10124.05,10117.7025,10155.7125,10095.21125,10120.60375,10064.58375
"W218",9483.70875,9884.66875,9892.7275,9745.06625,9760.23,9980.1925,9958.59875,9914.5675,9998.89125,9970.2975,9985.0325,9986.7425,9944.25625
"W219",985.065375,984.99,994.406625,984.587,971.578625,964.035125,986.517375,978.270875,974.73825,984.28075,972.16525,969.56925,970.496875
"W220",1803.9625,1801.26,1787.49625,1807.715,1797.3425,1803.5475,1805.955,1803.6375,1794.14125,1790.49,1815.27125,1816.88125,1814.5275
"W221",7316.785,7164.6325,7006.39625,7469.79,7276.30375,7497.7325,7053.2975,7605.63125,7897.28625,8267.9975,7803.49125,7758.355,7787.20375
"W222",7707.8475,7509.35125,7047.2425,8165.90625,8921.1525,8701.07375,8019.52875,8292.91375,8364.86125,8557.52375,7934.1175,7938.4375,8046.75375
"W223",25977.55,26029.2875,26500.575,26007.75,27096.9625,26219.1875,26542.0125,26548.825,26873.025,24623.1875,26711.9125,26822.325,26296.475
"W224",1711.525,1751.60375,1731.44,1761.62125,1770.58375,1820.7425,1816.9025,2103.1625,2021.28625,2085.48125,2046.90875,2385.4875,2564.425
"W225",1933.09,1966.6475,1965.68375,1989.16375,2007.28875,2133.935,2024.44,2022.565,2081.47,2575.92125,2767.655,2344.88375,2234.0525
"W226",2802.4025,2747.74125,2681.62375,2640.59,2520.395,2646.3725,2525.96875,2529.45375,2457.265,2566.54875,2601.93125,2605.02125,2561.335
"W227",1352.79375,1412.4825,1378.2675,1444.84125,1496.54375,1685.58625,1603.53,1594.33125,1592.7875,1939.69875,1989.065,1765.17625,1724.83125
"W228",7878.7725,7890.35125,7803.9375,7723.825,7723.69125,8087.135,7833.7425,7943.53875,7961.92875,8176.61625,8299.56125,8384.44875,8253.0925
"W229",463.22925,456.162625,447.138875,440.6155,415.75125,474.74,423.254,446.53825,404.247625,493.33825,446.1585,451.488375,463.487
"W230",2998.6225,2999.56875,3005.2975,2927.99625,2756.25875,3700.03875,3102.66375,3074.14375,3010.965,4439.96,5037.785,3850.30625,3474.67625
"W231",581.172125,630.5085,669.631375,691.46275,775.524875,886.757625,972.0955,1021.5895,1058.38875,1234.63125,1337.2425,1268.2825,1281.75375
"W232",1899.8725,1925.60125,1971.30375,1982.9775,2061.08,2263.8925,2327.9875,2474.93875,2552.65875,2955.0225,3207.5475,3366.31125,3263.1675
"W233",1030.355,1038.48375,1033.70375,1122.615,1126.7675,1275.05875,1235.7975,1261.0625,1316.56,1562.78375,1721.4675,1728.69875,1651.40625
"W234",1843.69,1821.245,1852.77625,1845.77,1889.64875,2136.885,2094.01875,2130.36125,2037.255,1942.58625,3087.64875,2732.3175,2750.0325
"W235",444.184875,491.483125,526.31825,565.5225,594.528,686.638375,737.172125,772.877,777.350125,886.137625,1003.427125,1027.274,1033.80225
"W236",3221.4775,3328.6075,3315.34125,3357.7925,3354.8375,3682.95375,3517.025,3659.52,3647.90375,4181.2575,4260.355,4228.215,4197.68
"W237",1074.1,1090.93125,1070.56875,1084.62125,1102.5375,1204.2625,1138.47,1163.17625,1176.38,1370.4825,1447.34125,1282.4775,1269.5525
"W238",370.824375,372.1315,372.82425,393.252625,424.45125,485.3415,489.038875,517.735,572.35825,690.52125,752.74525,718.45975,699.853125
"W239",3832.62125,3923.81625,3986.04375,4111.2975,4222.47875,4534.4125,4629.9425,4808.51375,5045.93,5936.65625,6526.425,6182.66875,6289.8175
"W240",2595.225,2678.83375,2756.36,2881.5775,3130.12125,3017.77625,3082.8775,3149.20125,3687.6175,3828.61875,3488.92375,3479.875,3516.89625
"W241",1030.8,1051.99125,1083.495,1094.09375,1238.0425,1311.72,1296.78125,1251.08375,1448.4,1724.97875,1588.90375,1611.8525,1566.85375
"W242",1508.15,1547.80625,1538.0325,1562.34625,1733.8575,1598.71625,1626.40375,1639.32,2108.0575,2286.92875,1877.93375,1841.15875,1828.79375
"W243",1259.64875,1420.965,1648.02375,1859.465,2296.95875,2570.49,2783.4925,2905.83375,3225.96875,3543.9375,3592.295,3665.71,3706.23625
"W244",824.1085,862.499,897.91775,945.238875,995.872125,1062.8025,1123.75125,1187.82125,1256.99625,1311.875,1379.545,1401.6975,1400.16375
"W245",2354.43875,2340.6975,2343.765,2353.625,2576.4,2524.58625,2567.665,2604.07375,3042.78875,3223.7225,3138.5225,3040.615,3112.7325
"W246",1189.00875,1213.0775,1249.10125,1299.5825,1608.61875,1588.295,1532.73875,1486.6575,1707.37125,1953.025,2060.52125,1962.35125,2049.09
"W247",4554.0025,4601.77125,4747.37875,4904.33625,5546.9375,5563.0275,5531.37875,5564.445,6368.7625,6705.7925,6152.64375,6129.71375,6120.465
"W248",15954.2375,17856.6875,17882.225,16414.1125,16269.1625,17433.375,17552.3,17255.15,17065.475,16862.7,16922.7875,17231.075,17191.675
"W249",22132.3375,22502.9375,22359.3625,22119.775,22197.85,21959.6125,21793.175,21502.9375,21612.35,22318.8875,22212.975,21169.1375,21484.8125
"W250",3194.07625,3126.52875,3247.92,3376.18375,3385.94375,3180.855,3198.24,3312.64375,3393.87375,3187.415,3242.62875,3427.5375,3585.19625
"W251",6724.96875,6764.42,6726.09875,6699.68,6656.63875,6674.97375,6711.0375,6723.425,6731.55,6800.54875,6782.38,6943.83375,6983.92875
"W252",8809.15875,8859.8325,8721.05125,8560.78125,8670.39625,8952.22375,8878.55125,8670.58,8700.80875,8956.58875,8904.44125,8730.745,8710.22625
"W253",12432.4875,12457.05,12357.9625,12312.1,12347.55,12444.5625,12428.1875,12319.375,12329.1625,12476.075,12465.4375,12432.275,12384.3
"W254",5907.355,5810.1925,5922.9175,6011.7575,5938.36,5866.8925,5848.6275,5934.71125,5955.27625,5912.91375,5938.12375,6038.51875,6000.95375
"W255",1909.8675,1916.73875,1913.49125,1905.84125,1913.485,1894.49875,1877.1975,1890.575,1903.90625,1923.7725,1910.23125,1904.6675,1922.645
"W256",2823.765,2900.98,2935.19,3097.03875,3130.40875,2079.56875,2077.02375,2187.28375,2440.79,2570.5775,2691.79,2632.81,2813.2675
"W257",4040.8,4059.6225,4076.8475,4097.97125,4105.65625,4099.855,4130.00125,4124.53375,4103.13875,4125.965,4097.255,3590.1325,3781.86375
"W258",2164.34625,2151.29125,2146.41875,2100.85875,2086.93,2085.89,2086.2225,2079.3425,2105.14,2109.28875,2106.35125,2113.4425,2087.28875
"W259",7708.84375,6731.03875,6459.865,6188.17875,7859.04875,6492.19375,6693.7625,6341.28625,8124.2275,6850.975,6642.175,5652.75625,5942.21375
"W260",792.19475,543.021125,689.291375,652.146125,1013.57725,597.06325,609.646375,566.474875,558.810125,566.24,664.741875,601.267125,603.072375
"W261",4791.51625,4743.3925,4707.3925,4680.75,4876.8325,4766.33625,4748.53375,4744.1175,4907.97875,4774.655,4766.695,4147.60625,4366.26625
"W262",4431.84875,4415.66875,4417.985,4423.66625,4445.84625,4442.34625,4424.96875,4416.96625,4431.255,4459.4025,4458.74875,4449.0425,4459.085
"W263",2317.1625,2163.5575,2264.855,2378.81125,2281.72875,2201.34625,2264.35875,2226.79875,2163.84125,2139.93375,2171.145,2239.98875,2570.4975
"W264",3861.72,3905.1775,3686.10625,4080.14625,3729.14125,3952.87,4097.92375,4332.625,4193.26125,4117.19875,4141.35125,4345.9375,4029.55875
"W265",2178.37625,2318.66875,2226.70125,2245.95125,2271.785,2235.7375,2242.2525,2239.91125,2247.87125,2219.415,2215.32875,2193.0675,2231.6075
"W266",2125.7625,2249.57375,2178.2,2240.6525,2264.42875,2261.78875,2255.3425,2278.56125,2330.85125,2282.19375,2304.1375,2281.45375,2280.45875
"W267",3282.57625,3325.395,3532.62875,3552.89625,3391.34875,3419.5925,3836.14875,3533.02625,3545.0875,3319.95375,3365.1775,3368.61875,3329.61125
"W268",1354.99375,1461.91,1381.55,1394.365,1430.8675,1386.73625,1394.76875,1384.5775,1394.27375,1369.57125,1387.8525,1348.09375,1383.2925
"W269",1268.37875,1368.885,1318.38875,1362.8925,1387.00125,1368.205,1360.3625,1366.655,1420.78875,1366.5975,1412.00625,1394.61,1395.18
"W270",7628.78125,7549.75625,7621.29875,7647.66625,7708.08375,7792.745,7828.17625,7931.19625,7864.1875,7860.93875,7812.535,7875.34,7738.755
"W271",7360.535,7347.73,7423.94375,7440.30375,7427.4675,7504.2,7550.33,7609.2175,7544.07625,7511.605,7493.27125,7444.87125,7347.4925
"W272",983.496375,985.59775,980.7395,973.673375,967.921125,969.981375,971.906,976.605,984.499,979.4625,965.950625,966.481375,969.405625
"W273",6419.13875,6477.93,6485.54375,6464.035,6390.76125,6433.36,6519.02625,6527.57125,6555.7575,6568.0125,6545.9125,6564.6475,6558.69625
"W274",820.206,841.776875,847.43875,842.66125,834.183625,842.189875,845.801125,856.4795,855.454875,845.1235,835.0905,844.05175,838.422875
"W275",8494.015,8797.1575,8545.8225,8622.94875,8604.63,8735.52,8993.03625,8971.8475,8978.5875,9169.62125,8857.055,8773.875,8718.5625
"W276",11200.575,11240.5375,10956.0125,11105.225,11163.6625,11490.375,11520.1125,11619.5875,11574.1375,12286.5625,12088.975,11972.2125,11709.225
"W277",3229.735,3201.91625,3220.1,3160.32,3248.66625,3217.3825,3205.27125,3142.65125,3187.92625,3170.00125,3187.45375,3170.21625,3161.425
"W278",1310.2925,1424.0475,1324.8875,1342.9625,1382.35375,1344.63,1358.15375,1337.94625,1349.99,1324.8375,1337.07625,1306.73375,1336.9325
"W279",1220.1725,1326.61375,1269.6525,1326.77,1356.03,1329.44,1315.61875,1326.13375,1375.15125,1313.93,1360.23875,1349.1525,1346.43
"W280",5345.98875,5341.12375,5367.2875,5378.0525,5355.3075,5370.13625,5397.6925,5429.15875,5407.055,5354.925,5399.175,5385.4025,5415.59125
"W281",1764.62875,1778.26375,1787.7825,1780.37875,1820.0875,1813.97125,1752.5525,1773.835,1813.97125,1885.57375,1925.66875,1920.55625,1915.49875
"W282",2152.9975,2204.45625,2155.4425,2174.45875,2176.535,2208.46875,2172.76375,2202.855,2219.42125,2252.35625,2272.1925,2261.05125,2263.49875
"W283",333.09125,321.058625,315.2685,314.70375,313.533625,314.18525,314.101,312.596875,316.880625,321.261375,320.058125,320.23175,319.685875
"W284",576.443875,579.934875,583.36525,581.97925,587.765875,585.955875,582.275,576.76975,577.00525,594.605375,579.4235,559.654,576.697625
"W285",686.062625,683.6565,683.086125,691.386625,688.59575,684.89875,685.233875,681.342,695.881875,702.644,696.84525,706.0685,714.008
"W286",10935.3,10425.6875,9124.3825,8799.91125,8868.93125,8922.43875,8665.635,8899.93125,9637.3225,9299.58125,8890.78375,9000.78125,9636.12125
"W287",2225.615,2239.5725,2249.42625,2244.56625,2292.88,2344.33125,2294.055,2267.36875,2261.86875,2261.825,2270.0025,2254.1925,2244.925
"W288",7765.24375,7823.49625,7815.15,7781.08125,7798.9625,7880.695,7877.0875,7890.95625,7839.69875,7852.64125,7738.09125,7770.925,7748.67375
"W289",9915.2475,9884.5875,9917.09875,9907.115,9889.0025,10044.7075,10023.825,10052.99875,10050.11625,9968.7775,10058.17125,10095.09375,10198.325
"W290",15020.8875,14548.4625,14194.8375,15678.65,16019.05,15981.15,15007.35,15785.8625,16184.8875,16734.4,15654.9375,15559.85,15755.4375
"W291",8440.615,8665.80875,8663.8375,8476.6675,8325.48875,8866.45375,8458.6875,8377.47375,8435.9775,8838.52,8760.18125,8489.70125,8095.785
"W292",18748.7125,19353.275,19118.2625,18663.3125,18385.8125,19418.525,19021.475,18725.8375,18646.8375,19137.9,18989.05,18430.575,17969.3375
"W293",2014.61,1963.99375,1818.1975,1605.25,2077.935,1763.2875,1706.53125,1553.3225,1850.0725,1655.3525,1738.64375,1549.03,1777.19125
"W294",1535.25,1504.46,1533.08,1549.16375,1509.9775,1492.875,1380.965,1393.39,1481.8625,1607.03875,1284.94125,1319.84125,1369.4
"W295",2477.41625,2837.8075,2847.40875,2307.7375,1926.46625,2386.07375,2229.6075,2595.92,2582.08875,2709.45,2821.48625,3080.0225,2754.05
"W296",2791.81625,3008.14375,2772.1075,2352.685,2044.7875,3088.31625,3335.74,2895.8025,2666.29625,2577.81625,3109.04,3102.30875,2895.55375
"W297",4716.0225,4802.6625,4656.07125,4100.7925,3626.26875,5094.9675,5614.955,4741.685,5148.89125,4778.715,5375.3925,5476.93625,4917.795
"W298",2971.35375,3269.9825,2956.42375,2638.64875,2316.26625,3448.94875,3656.975,3196.6725,3250.33625,3225.725,3632.35875,3593.335,3488.7075
"W299",3116.76125,3096.71,3042.49875,2642.74625,2438.81625,3402.21,3937.11625,3041.00875,3236.23375,3004.82875,3290.1125,3242.18625,3017.61125
"W300",1553.1875,1576.95,1573.79375,1414.74,1220.09625,1691.41875,1868.625,1640.56,1669.69125,1634.58375,1742.23375,1773.58625,1709.7475
"W301",2375.16375,2657.49875,2560.83875,2517.6575,2082.09875,2384.32,2607.215,2247.25,2401.55,2294.74375,2581.7525,2586.34375,2614.64375
"W302",2563.52375,2653.94125,2683.45375,2277.68125,1892.06625,2805.62,3027.2675,2748.36,2628.01125,2463.42125,2614.68875,2642.09375,2630.7275
"W303",4917.95625,5241.61125,4923.11625,4127.8275,3459.2275,4121.05875,5282.8075,4992.46125,5079.0075,5039.68,5160.745,5374.385,5183.91
"W304",2801.5175,2818.3325,2728.1075,2314.37375,1922.44375,3101.40875,3287.61,2805.00375,2775.12375,2460.13875,2973.8775,3143.535,2879.9625
"W305",2860.20625,2899.67,2689.12625,2450.31625,2187.29875,2531.09625,2897.45,2733.09375,2956.6825,2704.805,3280.8375,3018.675,3008.8525
"W306",2252.58,2251.84875,1961.60375,1811.93125,1594.83625,2427.4025,2663.89625,2192.1625,2300.05375,2166.4425,2435.94375,2340.5075,2475.4925
"W307",3131.47,3282.5725,3161.11625,2709.32875,2453.36625,3428.3825,3858.90625,3266.5675,3368.24625,2961.33375,3648.06375,3626.38875,3351.8
"W308",1938.75875,2156.44875,2032.94875,1852.20125,1610.44875,2330.69625,2328.7775,2083.3225,2059.78625,2079.03125,2340.65625,2416.13,2292.36
"W309",6019.17375,6600.4,7086.67875,6943.94875,6017.05,7190.485,6796.2975,5921.79125,6060.325,5521.8225,5901.64125,6445.35875,6207.285
"W310",4439.13375,4658.17875,4550.50875,4659.3775,3820.6275,4562.80125,5147.6975,4609.3325,4619.64875,4348.3625,5024.55625,4664.395,4679.17125
"W311",4807.8375,4780.75625,4653.72125,4653.77875,3806.2775,4660.26375,5409.25625,4880.02,4689.69125,4400.07,4610.46,4924.85375,4768.95625
"W312",3849.26,4102.84125,4421.87625,4101.2425,3659.56375,4113.99875,4122.08,3752.30625,4061.26,3616.92125,3783.6575,3914.44,3893.67125
"W313",1801.96625,1941.1,1973.62375,1903.32125,1595.07875,1461.88625,1381.975,1458.45125,1517.755,1922.13875,1995.315,1905.78375,1958.9075
"W314",7737.17,7790.25875,7861.2025,7726.24625,7092.05625,7762.14625,8306.4375,7168.58375,7563.6525,7139.04375,7570.31375,7634.44125,7538.73375
"W315",4800.67125,4841.68375,5334.29,5060.55375,4058.57125,4949.1725,5212.7325,4778.5375,5120.0475,4683.53,4784.075,5012.7775,5033.01125
"W316",2631.285,2562.02875,2610.8625,2598.785,2257.93375,2577.71375,3201.23125,2612.21625,2765.5375,2638.3275,2853.3025,2856.5075,2673.66625
"W317",3544.88625,3815.31375,3920.6875,3862.1275,3178.36125,3610.53125,3332.535,4127.03125,3717.50375,3622.20375,4007.05625,3669.42625,3950.57375
"W318",3416.76125,3508.28625,3259.19875,3319.165,3080.4375,3268.085,3395.37125,3085.42625,3244.68875,3018.0125,3207.5475,3221.5025,3414.1425
"W319",2120.855,2246.53875,2358.15125,2484.82,2080.775,2497.93,2620.43375,2250.325,2137.84125,2179.57625,2275.26375,2295.15,2311.86
"W320",1788.79375,2160.555,2094.565,2034.60125,1730.40625,1942.44,2125.8075,1758.44125,1695.84125,1652.37375,1851.45,2046.21125,2051.7575
"W321",5918.045,5442.7825,5715.2725,5807.34125,5113.00125,7057.33375,7840.14375,6751.81625,6730.1525,6089.45125,6379.18125,6533.375,6300.53625
"W322",2087.2375,2289.425,2384.56625,2444.71,2062.12625,2372.48625,2410.45,2146.8575,2092.5475,2128.61125,2106.0075,2344.2125,2402.72
"W323",3559.595,4051.4325,4206.125,4149.36,3515.13625,4349.47875,4901.04375,4408.84625,4494.09,4226.79875,4925.5575,4398.82125,4133.2325
"W324",2129.2075,2310.415,2534.195,2409.5675,2246.1875,2700.01625,3155.155,2840.81,2626.4875,2522.34375,2676.40625,2692.705,2534.14125
"W325",3625.3975,4085.48875,3959.59875,3739.03375,3171.79625,3948.3675,4192.79625,3535.125,3605.80125,3339.86625,3955.345,3904.4025,3857.22125
"W326",3352.815,3430.55125,3481.76,3457.26625,2968.14625,3626.24375,3910.5925,3409.5075,3409.74125,3128.3675,3386.55375,3462.2775,3292.5975
"W327",8130.43875,7913.66,8171.66625,7668.0375,6723.885,8838.20625,9569.97625,8224.2975,8616.79875,7931.6875,9455.6375,9150.47875,8788.91375
"W328",2273.9725,2390.4575,2444.4725,2177.1225,1864.75625,2425.23125,2731.1525,2256.7625,2532.19,2140.77875,2705.00625,2490.3875,2500.43125
"W329",8559.1425,8827.14,8759.99625,8228.04375,6816.74625,8066.91,9418.44,8675.6775,8397.325,8164.79375,8867.12125,8532.37375,8286.2625
"W330",3183.42625,3201.96,3114.63875,2866.26375,2520.7875,3619.05125,3993.84875,3494.16,3448.37875,3339.98,3506.32875,3495.8475,3538.6575
"W331",5425.09375,5346.025,5371.1275,5330.1,4405.215,5595.01125,6174.08125,5471.65,5411.13625,4979.40875,5573.3,5402.7075,5262.705
"W332",2908.88125,2931.56125,3198.55875,2870.5575,2513.435,3022.50125,3427.20125,3209.88875,2887.29625,3257.7625,3330.4125,3117.1775,2872.1925
"W333",2304.54625,2526.6025,2420.655,2441.1275,1996.5275,2458.3425,2514.43375,2336.77875,2392.26125,2229.72625,2575.51,2359.3075,2351.44875
"W334",3565.85625,3554.8225,3384.5725,3454.07125,2789.89375,3832.70875,4358.31875,3919.60125,4005.10875,3472.83375,3824.565,3954.9125,3492.14625
"W335",3815.8175,3933.24375,4184.23,4141.06,3476.73125,3992.77,4122.73,3960.63875,3695.03,3754.85875,3988.1575,4133.3625,3824.42125
"W336",1451.21125,1550.475,1606.5825,1747.95875,1370.31125,1599.5625,1852.9425,1426.0775,1422.38125,1338.135,1489.7025,1513.27875,1462.73875
"W337",1531.7275,1718.505,1783.85875,1754.7775,1422.03625,1534.59125,1601.35625,1393.7025,1399.585,1244.44875,1339.4175,1431.79625,1524.96
"W338",1998.34125,2027.445,2143.24375,2000.55125,1714.77625,1980.2075,2239.5725,1973.125,1937.37,1777.985,1921.46875,2085.8975,1914.32125
"W339",3461.3375,3621.69625,3284.5575,3093.8575,2655.94375,3716.11125,3950.52875,3592.95625,3721.525,3299.1675,3582.7575,3667.095,3898.7825
"W340",5836.9525,6146.69125,6307.73,6016.95,5265.6325,6275.07625,6476.29375,5822.99125,5798.76,5747.98875,5977.545,6159.53875,5993.415
"W341",4665.18875,5334.13375,5137.80125,4768.13125,3861.315,4418.10375,5108.72375,4263.00375,4257.2825,3826.46125,4199.18125,4664.7825,4306.73
"W342",1166.10375,1162.62875,1194.605,1070.879,951.338,1229.9675,1325.8575,1220.51375,1151.3,1128.91375,1203.23,1118.681875,1121.89625
"W343",3204.4075,3338.97625,3475.56625,3130.3375,2886.92375,3458.96375,4058.92125,3294.335,3296.78125,2947.9975,3183.0075,3373.86625,3240.895
"W344",3135.9425,3130.935,2865.02875,2519.85,2046.05125,3260.025,3555.62125,3236.725,3388.0925,3010.6175,3295.58625,3380.8925,3058.84125
"W345",2972.235,3096.09125,3250.42875,2749.10125,2365.285,2839.245,3207.33625,2718.9525,2729.41125,2804.19125,2920.55625,3164.87375,3586.49625
"W346",5244.02875,5108.3975,5159.95375,4531.89125,3698.43125,5678.945,6053.3375,4985.41375,5524.15125,4725.33625,5097.10375,5464.1175,5116.2625
"W347",3525.32625,3488.26625,3556.03875,3222.96625,2635.0875,3740.5175,3763.09375,3324.65625,3299.0625,3278.14125,3635.39,3427.80625,3521.41375
"W348",3598.31875,3866.6825,4032.8575,3477.37375,2989.48,4089.13875,4320.8925,4104.925,4133.20375,3950.06375,4176.9275,4047.89375,4267.91375
"W349",2711.29,2496.47,2435.3175,2542.5525,2502.76625,2412.76875,2415.3,2448.30625,2530.07,2575.6075,2601.22125,2566.1325,2763.11125
"W350",4310.55,5079.9775,4616.665,5524.77625,5899.24375,4278.9675,5258.52375,5621.4425,4720.83375,4431.5075,5379.42625,6538.90375,5538.2425
"W351",1370.26,1684.3375,1654.44,1734.2475,2121.74375,1780.215,1730.17125,2087.71,1744.78875,1462.07125,1825.41875,1822.3475,1949.0325
"W352",1177.25875,1125.7875,1068.4975,1096.7375,1069.40375,1041.133375,982.9595,1028.30625,1056.6975,1333.77625,1017.264,1041.430125,1091.742125
"W353",1805.56,1562.5225,1415.70875,1278.8175,1141.99375,1483.4975,1826.74625,1466.40875,1487.49375,1540.89,1547.0425,1594.52125,1547.18625
"W354",2784.86125,2887.70875,2772.73625,2222.23625,2163.245,3387.2425,3580.935,3080.105,3469.39125,3485.72375,3720.19875,3337.99125,3129.34125
"W355",2423.99375,2580.53125,2823.47875,2816.79125,2368.6275,2816.9675,2894.845,2561.3075,2667.54625,2427.11125,2574.58,2777.2225,2654.4225
"W356",3941.60375,3681.885,3688.6825,3211.99875,2833.695,3768.1275,4190.77125,3795.8975,3762.8825,3476.01,3867.805,3878.8375,3926.06125
"W357",3203.7675,3203.6425,3179.76625,2877.32875,2407.17125,3511.6425,3562.83125,3284.905,3342.31875,3279.65875,3613.08,3683.78375,3554.2325
"W358",5251.2375,5085.13125,5235.31125,4389.465,3744.52125,5221.40625,5453.06375,4690.88,5364.08875,4740.3,5231.54875,5334.40625,5092.8725
"W359",3486.955,3146.78875,3353.39875,2965.155,2515.3425,3137.1775,3543.915,3038.59125,3246.73,2980.42125,3115.19375,3527.94625,3526.43
