W1,36270.2,36464.1175,36387.994999999995,36194.425,36240.4875,35894.98,35719.49,35441.1225,35547.0775,36113.3975,36204.83,35105.8675,35256.1525
W2,3618.9027499999997,3627.15425,3613.3942500000003,3582.5879999999997,3599.8095,3579.76125,3535.01225,3518.75675,3546.98675,3632.1175,3568.53075,3505.8914999999997,3485.6349999999998
W3,9792.30725,9895.746000000001,9775.394250000001,9607.339249999999,9673.539,9930.070249999999,9895.20575,9752.20175,9695.36675,9939.389,9937.919,9762.5555,9664.8555
W4,2156.20275,2257.16875,2350.70325,2637.67175,2464.476,2723.713,2613.772,3362.2397499999997,2848.82,3016.812,3379.0585,3950.81625,4348.69475
W5,1603.02875,1627.32525,1629.3165,1721.507,1722.4635,1883.7404999999999,1758.29375,2170.02325,2184.85075,1897.91,2150.871,1558.57275,1315.726
W6,525.56425,578.07885,546.4012250000001,640.5086,651.939025,789.86785,729.7822,838.052825,1296.0205,1095.63975,983.19745,822.542725,696.5919250000001
W7,3534.1375,3043.3340000000003,2714.87475,2390.31025,4571.0,3197.2255,3070.113,2263.01675,7098.5235,7189.281,3750.491,2857.86025,3017.2875
W8,3976.3050000000003,4499.42125,5558.9785,4364.63775,6598.253,5313.69875,5344.5125,4102.84775,4901.47125,6807.57425,4399.2095,3370.6455,3176.87125
W9,8230.093,7950.8885,9051.04325,8452.054,9570.665,7874.0065,8232.4325,9869.668,9897.7935,9931.3315,7896.02625,7273.92625,7215.96125
W10,5031.0905,5011.49425,4934.48975,5440.54825,5345.036,5359.8165,5377.59075,5326.55625,5288.363,5098.92675,5029.8234999999995,4930.53675,4801.63825
W11,370.07115,345.211425,356.2138,354.21435,400.672175,465.3684,359.5609,366.78395,391.169225,432.87205,390.1502,360.461325,391.97315
W12,1043.94625,1067.39525,1077.53625,1072.1715000000002,1064.59775,1063.6200000000001,1058.68625,1051.818,1044.2865,1038.9525,1047.73775,1055.67225,1048.3162499999999
W13,2332.20275,2347.79475,2370.94025,2389.12425,2390.21175,2430.4755,2495.7022500000003,2503.56975,2486.9715,2396.19225,2509.919,2582.5485,2584.3917500000002
W14,2286.096,2329.8555,2336.30075,2328.55575,2368.26175,2430.853,2437.8537499999998,2465.859,2484.97625,2448.7725,2520.1665,2680.96775,2426.11625
W15,4360.01075,4631.975,4778.76725,4445.90125,4186.97975,4520.232,4252.379,4132.4455,4012.30275,3610.1710000000003,5081.22525,6860.2195,4344.8895
W16,4344.98775,4631.29575,4772.84525,4429.38725,4196.55225,4523.4585,4251.3885,4162.58075,4307.57375,4246.6359999999995,5265.76825,7051.2105,4373.1195
W17,11977.525,11936.852499999999,11972.76,11915.69,11907.48,12009.6,11986.7375,12012.595,12049.074999999999,11964.79,11924.7375,11935.9175,11943.7325
W18,4348.40225,4380.0235,4377.87575,4386.2612500000005,4373.94275,4307.88175,4325.2935,4291.831499999999,4330.43875,4357.517,4380.2045,4363.169,4378.47
W19,2863.846,3243.711,2691.95975,2857.086,2682.23575,3753.17825,3030.1035,3227.1085,3666.21375,7468.2,6911.28525,4142.05075,3004.36275
W20,3979.0077499999998,4289.57975,3905.6275,3885.10325,3016.82975,4208.2625,3997.578,3790.5302500000003,2732.62725,3598.5605,5592.5855,4699.46375,4168.64125
W21,2407.0645,2220.99825,2182.74375,2685.356,2988.793,2585.70125,2256.67575,2744.65075,3500.3475,3412.52075,3406.70325,2330.77025,1924.193
W22,3336.165,3417.4145,3189.36575,3088.4415,2733.81075,3470.32425,3046.903,3753.721,2532.20475,3036.34975,4417.657,3638.47125,3093.58925
W23,742.748675,761.512025,751.925,724.4972,553.0809,775.054075,744.77945,744.290375,539.859,750.167975,1050.7349,919.51785,794.7892
W24,7091.1265,8167.17475,6988.8435,6818.38675,6674.692,12716.3575,7767.61075,7440.53525,7466.8555,20562.2775,17823.32,10247.6,7119.322
W25,1461.2275,1699.50175,2019.18375,2294.19475,2402.5927500000003,2718.07975,2410.002,2504.028,2596.5295,2713.00725,2826.7655,2214.5485,1952.365
W26,2887.14825,3159.13375,3136.15825,3763.72875,3572.813,4272.205,4015.975,4453.1105,4688.4355,5403.71475,8357.469,4076.69875,3755.21525
W27,2017.262,2611.4705,2016.6775,2621.49675,2684.03775,3063.18575,2544.64175,3339.25525,3649.45525,4222.21825,4181.63275,2734.19525,2484.715
W28,5314.571,4564.8502499999995,5009.0975,6255.9,7326.45475,6002.7025,5378.12925,9039.23075,13765.0175,11220.57575,9207.69075,5850.89,5438.002
W29,913.59295,1099.46075,984.4775,1003.765025,1019.2261,1484.88825,1304.5027499999999,1254.75,1063.394775,1638.158,2076.399,1312.0910000000001,1015.970925
W30,3707.80425,3895.1005,3534.6805,3920.5005,4019.05775,4495.2705,4089.522,4731.98825,6738.78925,5319.15025,6257.13025,4718.30625,4235.0175
W31,880.8978999999999,956.67755,1061.41975,1273.647,1438.871,1604.43225,1320.06025,1834.2865,1946.3665,1769.71425,1619.64525,1256.61825,1130.7537499999999
W32,4834.51675,4235.54025,5521.1272500000005,4780.5235,6511.33975,5130.65825,5732.3965,6423.99025,7324.89275,6717.902,6335.908,5055.852,5258.1515
W33,1723.08275,1660.07275,1895.30225,2076.60475,2788.8885,2023.5104999999999,2137.621,2762.12475,3472.06375,3421.79075,2204.21125,1870.02675,2097.65775
W34,1538.33925,1480.94275,1568.02825,1376.6785,2018.55725,1793.21675,1882.25975,1513.7915,1733.76975,2515.64625,1706.43425,1419.208,1465.26875
W35,1191.26225,1205.43275,1208.10725,1075.20575,2102.18325,1854.82725,1437.01425,1131.9515,1223.1747500000001,2429.8295,2007.61525,1474.80225,1592.307
W36,15994.7475,14739.5225,13332.2425,14517.112500000001,12371.735,10717.36,12281.585000000001,15085.245,18877.2425,16138.4025,13036.27,13459.859999999999,17153.575
W37,2928.08675,2969.6,2975.46875,2969.18275,3009.7312500000003,3008.034,2987.02625,3007.5105,2992.9094999999998,2994.46275,2999.99025,2976.05075,3018.82075
W38,3170.51775,3217.6635,3201.641,3193.9615,3182.44425,3216.69275,3229.1935,3269.1815,3266.4755,3268.50975,3275.8492499999998,3248.6405,3291.512
W39,5822.87475,5832.8455,5803.902,5762.7075,5761.21325,5755.8805,5752.1745,5786.6315,5801.59275,5808.6135,5818.9445,5790.244,5802.47025
W40,5840.02425,5824.37625,5796.612,5760.7832499999995,5760.913,5759.4785,5766.79775,5785.08525,5817.83625,5805.39525,5815.897,5800.18675,5803.862
W41,6191.17575,6272.21225,6279.64375,6201.904750000001,6180.02225,6110.68625,6112.8215,6209.03825,6289.70125,6348.179749999999,6316.31875,6351.2655,6340.674
W42,6189.2435,6287.2765,6267.501,6201.57875,6175.00075,6110.37175,6127.351000000001,6221.2655,6305.24125,6369.38,6323.86,6333.004,6317.10675
W43,6197.1455,6267.21925,6278.63325,6202.20725,6182.593,6106.64475,6093.383,6199.45,6295.53025,6341.708500000001,6304.295,6337.814,6307.302
W44,5841.51875,5823.67125,5788.02575,5750.00025,5764.85225,5744.58175,5750.62525,5776.9775,5801.6875,5788.28025,5803.2072499999995,5782.842,5780.2375
W45,2964.143,2997.55725,2975.054,2940.51975,2889.44275,2938.97675,2942.1105,3003.20525,3000.49325,2962.9320000000002,2997.3715,2972.8885,2910.318
W46,3368.38875,3453.28625,3440.7635,3324.75025,3287.58025,3225.07075,3243.3335,3211.71275,3196.5105000000003,3219.22075,3263.63,3328.232,3269.5165
W47,2969.938,3010.894,2981.15875,2944.67175,2892.37175,2942.30275,2944.948,2996.02925,2998.2025,2967.494,3000.18075,2970.0815000000002,2914.2425000000003
W48,3104.0055,3115.0215,3058.6045,3040.53775,2962.0105,2937.754,2914.77425,2879.62075,2914.033,2923.90325,2972.9497499999998,2911.19825,2903.53175
W49,3286.38475,3358.97275,3321.247,3296.556,3222.15975,3283.2025,3264.0060000000003,3269.2075,3285.99775,3290.8804999999998,3321.5975,3274.825,3181.15
W50,3291.84475,3368.96575,3328.01425,3306.08675,3243.7345,3287.53875,3270.3559999999998,3277.488,3291.26825,3305.8965,3326.3915,3286.8224999999998,3182.989
W51,6553.569,6615.57075,6589.6345,6523.64575,6478.7215,6458.63625,6414.4005,6449.44175,6362.90525,6426.720499999999,6459.222,6529.22,6500.25875
W52,7167.61675,7251.8965,7168.7665,7015.5305,6889.9375,6932.191,6970.50825,7052.137,7095.5905,7060.9842499999995,7115.48275,7240.49925,7208.7155
W53,1899.36,1972.991,1753.454,1790.64275,1867.64425,1832.40875,1943.166,1979.09725,2005.98,1840.385,1984.48,2042.7285,2033.24875
W54,2487.873,2499.0385,2461.3117500000003,2468.9955,2465.5425,2499.394,2488.907,2519.1605,2543.1747499999997,2561.66525,2605.8265,2602.07425,2594.25975
W55,4774.9177500000005,4752.0745,4742.90125,4566.8855,4439.74375,4375.7,4324.50575,4084.6875,4004.28175,4071.2165,4083.16075,3876.00625,3747.44275
W56,3018.4645,3090.46525,3135.47575,3194.162,3265.43075,3335.8945,3423.32125,3541.9305,3610.42925,3693.11025,3730.31925,3768.37025,3764.68125
W57,2119.5965,2033.9,1949.92875,1883.1145,1832.9705,1771.5745,1742.971,1698.67775,1619.70425,1567.65075,1542.1845,1523.3125,1492.081
W58,3380.99075,3316.91325,3314.38275,3262.0075,3228.46425,3218.8565,3274.26325,3292.1945,3236.7845,3213.89725,3118.09525,3047.682,3058.137
W59,2171.60125,2124.3025000000002,2351.5275,2377.463,2692.633,2536.518,2527.025,2537.5715,2684.51925,2048.9165000000003,2176.76075,2278.52875,2181.2485
W60,8958.90675,8945.93825,9030.204749999999,9094.98325,9210.792749999999,9212.36275,9234.733,9254.39175,9210.176,9181.863,9282.70225,9238.79775,9337.7955
W61,9877.4555,11751.0025,11790.5425,10495.3975,10391.692500000001,11277.377499999999,11384.0,11072.0525,10933.105,10386.35,10470.7175,10764.3625,10671.7625
W62,7202.958,7000.53825,6978.37775,7022.64225,7045.42075,7114.8057499999995,7104.54875,7265.08575,7303.9585,7591.6804999999995,7569.35475,7628.41775,7625.26975
W63,5990.8895,6130.25475,6134.4175,5919.988,5903.7185,6206.64175,6216.83475,6296.19275,6277.345,6459.0375,6490.99175,6620.8902499999995,6580.32125
W64,12644.215,12146.91,12979.55,14138.01,14382.16,12453.3425,12772.8225,13824.824999999999,14457.8725,12655.73,13219.3925,14758.5975,15940.69
W65,17937.7825,17351.135,18298.01,19593.5675,19893.01,17652.065000000002,18042.3675,19220.954999999998,19942.95,18001.822500000002,18669.0975,20448.905,21777.0825
W66,7529.33325,7610.4535,7519.857,7371.817,7438.994,7681.058,7667.129,7497.3855,7494.88725,7730.253,7709.35525,7562.314,7431.411
W67,13337.869999999999,13389.7125,13445.33,13739.83,13793.852499999999,13706.3225,13672.3825,13720.567500000001,13629.735,13625.2225,13659.5525,13705.53,13804.0725
W68,6892.831,6896.54875,6880.2935,6886.045,6876.08325,6782.744000000001,6769.1665,6733.67875,6720.01575,6683.1345,6686.14925,6659.4365,6679.473
W69,6900.5325,6895.17125,6886.7485,6890.70475,6793.6365,6788.036,6766.10525,6724.64425,6701.34075,6690.044,6661.0705,6687.84425,6687.92975
W70,2599.21775,2586.4715,2576.23125,2576.50625,2568.64925,2567.8089999999997,2612.337,2615.646,2623.497,2621.69475,2599.18275,2592.1775,2589.42075
W71,1958.736,1940.905,1936.10525,1945.1860000000001,1944.02075,1941.4279999999999,1941.2717499999999,1920.8395,1927.78675,1910.4375,1906.5625,1914.665,1936.061
W72,1965.12275,1944.29575,1935.87575,1939.30125,1946.70075,1941.05975,1941.89925,1926.0055,1935.26275,1910.00075,1905.925,1921.846,1935.663
W73,1959.25525,1941.53325,1934.1135,1943.66525,1943.60925,1940.0555,1941.91025,1920.03325,1925.37675,1907.92025,1910.984,1916.752,1931.02
W74,4584.2045,4452.117,4582.1045,4989.32,4046.46425,4061.9337499999997,4398.0734999999995,4356.67875,4080.497,4272.11325,4917.5535,5938.2895,5966.6655
W75,24509.2575,24751.1625,26400.2925,26068.9675,25619.16,25181.6175,25283.162500000002,24238.739999999998,24675.5575,25381.4425,25893.7775,27767.3825,25790.735
W76,525.981775,563.112575,572.55985,560.185775,452.064025,470.588775,486.063225,496.076775,504.06095,510.5931,516.269625,521.22195,520.265025
W77,3289.46575,3746.206,3351.38525,2603.1105000000002,4069.3615,4789.8724999999995,5308.183,4865.178,4740.63,4028.97925,4994.5815,5144.98525,4849.20425
W78,3388.6865000000003,3560.87125,2901.72175,2821.9159999999997,3959.06825,4604.06325,4729.16825,4729.0965,4827.25925,5304.21075,4928.5205,5446.3322499999995,4570.2945
W79,1449.36425,1364.06225,1461.5330000000001,1486.695,1480.60675,1480.621,1426.42475,1442.0635,1463.355,1435.73475,1462.7075,1491.2805,1518.222
W80,1380.556,1456.15475,1491.456,1486.9065,1502.51775,1440.30925,1439.22675,1492.6055,1444.4285,1474.6175,1497.511,1538.23725,1565.0265000000002
W81,24785.42,25154.6225,26163.71,26961.055,26050.9575,25920.955,25541.3925,25517.57,24507.91,25561.1425,25927.2,27743.53,27692.5325
W82,4420.8135,4438.03425,4435.24575,4428.879,4429.842,4449.4835,4443.37725,4429.87025,4455.471,4474.021,4486.42025,4488.845,4484.6805
W83,6065.5825,6043.352,6074.114,6053.0075,6062.82925,6064.6537499999995,6082.3975,6114.59525,6072.851000000001,6104.99875,6099.86675,6103.1455,6060.04925
W84,6000.19475,6050.02675,6041.0705,6088.02125,6067.07975,6057.9475,6109.913,6105.7365,6092.113,6106.5615,6095.59875,6078.2495,6042.83775
W85,17247.7075,17218.8425,17174.4575,17159.5825,17137.82,17138.01,17185.12,17168.8075,17133.4725,17169.72,17113.3925,17043.965,16939.67
W86,17293.34,17236.6025,17213.4375,17217.254999999997,17149.3775,17179.01,17227.4675,17238.575,17225.0625,17203.3825,17156.3425,17102.1175,16991.4825
W87,1083.374,1082.8220000000001,1083.78675,1083.286,1090.40175,1088.361,1089.73325,1086.695,1089.8635,1092.2195,1094.2485,1085.9865,1077.56225
W88,12013.6225,12061.08,12028.8375,12033.2325,12011.17,11981.985,11992.935,12108.53,12124.9775,12133.4625,12223.2825,12351.485,12361.505
W89,1248.59975,1276.54725,1259.7275,1287.6825000000001,1333.08175,1333.93375,1243.80475,1258.36175,1266.02475,1286.512,1263.5535,1253.1135,1216.12525
W90,1908.778,1909.124,1936.128,1926.20025,1931.4805,1926.8865,1927.073,1933.57225,1917.95075,1924.20425,1909.49125,1932.22675,1872.14125
W91,20339.91,20393.5325,20623.3075,20537.7725,20659.84,20684.3125,20538.565000000002,20642.39,20514.157499999998,20586.4075,20406.14,20632.1275,19980.195
W92,24287.785,24663.74,24359.425,24502.982500000002,24537.5825,24632.12,24146.5825,24219.19,24274.34,24594.822500000002,23844.2725,23160.72,22015.0975
W93,1742.0964999999999,1731.42,1732.002,1737.11575,1759.5339999999999,1761.14725,1751.15725,1746.879,1757.53925,1755.1467499999999,1750.39075,1752.87275,1764.12725
W94,1750.70925,1729.10275,1715.056,1741.5175,1752.45125,1759.3985,1792.129,1806.0320000000002,1770.8175,1754.16325,1735.96125,1713.63275,1702.8455
W95,1569.153,1557.7005,1556.13575,1559.83225,1584.1625,1583.9535,1609.00925,1616.87425,1598.1825,1593.307,1562.1725,1537.98875,1555.75525
W96,11320.715,11391.8025,11284.25,11361.035,11451.795,11475.6875,11424.26,11467.315,11496.5425,11553.4225,11558.7175,11592.9575,11645.39
W97,502.873475,516.447875,501.014225,514.49145,513.847675,529.8587,507.567275,513.6822,510.877225,517.5355,501.338275,480.1227,465.3722
W98,644.717625,658.131725,640.603675,651.352225,651.518675,670.017675,646.019275,653.304175,648.395175,655.5235,638.2873500000001,616.7078,609.420175
W99,15349.99,15253.905,15234.77,15197.61,15200.5675,15150.8425,15305.1625,15344.692500000001,15337.47,15354.8475,15311.0075,15421.525,15470.3425
W100,11314.215,11403.025,11258.365,11273.4925,11266.6075,11425.525,11359.0,11312.192500000001,11341.0725,11406.885,11440.485,11502.155,11479.82
W101,9835.9835,9868.85375,9776.988,9857.39825,9929.1815,9982.7605,9879.078,9916.88725,9977.432999999999,10044.04875,10055.844500000001,10062.58625,10111.27925
W102,15781.8175,15928.73,15831.8675,15936.685,15914.762499999999,15847.955,15927.050000000001,16136.0825,16109.5725,15996.7825,16131.9125,16379.0675,16333.9825
W103,4137.05925,4178.494,4015.393,4106.55025,4104.6045,4205.456999999999,4127.3835,4193.43475,4193.993,4193.91125,4137.153,4112.6675000000005,4043.8155
W104,1041.122,1043.98575,1039.50625,1031.10225,1037.20875,1037.1385,1037.2335,1043.7565,1039.9835,1039.856,1037.192,1040.36925,1041.266
W105,9166.61925,9185.85075,9211.46725,9198.41525,9213.7715,9244.09425,9235.1455,9264.12525,9255.972749999999,9253.37725,9265.21575,9295.24425,9303.82575
W106,2158.36625,2149.8435,2140.90275,2152.27425,2174.1597500000003,2176.13,2166.2599999999998,2165.4184999999998,2171.852,2173.27875,2175.70575,2171.99925,2180.07175
W107,23879.5975,23840.875,23877.995,23984.52,24060.0075,24108.7775,24244.6875,24280.335,24379.68,24361.08,24386.935,24415.75,24450.26
W108,16187.3775,16250.3,16170.615,16236.0075,16270.2975,16315.7025,16274.02,16292.7,16334.095,16340.7325,16324.3225,16302.4675,16154.585000000001
W109,14416.6425,14448.2,14391.6425,14456.53,14501.4225,14530.710000000001,14463.155,14515.4075,14595.1025,14621.5325,14533.8875,14542.9325,14403.4875
W110,7262.46025,7224.1410000000005,7172.76075,7209.943,7266.7275,7315.92425,7410.563,7432.71825,7484.3195000000005,7580.03775,7586.23775,7598.007,7543.8857499999995
W111,1072.2504999999999,1071.61825,1070.24925,1070.27375,1077.21225,1078.19175,1077.98475,1074.51425,1077.75925,1081.705,1079.82325,1073.00475,1064.2235
W112,9491.859,9549.683,9503.582,9518.13375,9501.087,9502.55125,9494.15325,9599.49525,9605.71875,9620.8855,9727.67975,9858.483,9875.0645
W113,742.82035,760.2845,734.0594,744.6982,774.847375,781.4886,714.875125,718.757375,726.604275,741.8497249999999,735.033575,754.001975,757.700575
W114,10532.2225,10550.7825,10660.8325,10633.2975,10613.035,10661.0625,10617.31,10589.075,10561.42,10617.145,10611.7875,10837.055,10845.085
W115,11303.4275,11291.7025,11395.12,11391.0825,11392.9825,11447.5725,11317.0075,11289.05,11281.755,11359.8125,11365.4175,11594.4725,11615.9525
W116,14554.7775,15100.7125,14293.7575,14772.7625,15151.522500000001,15533.495,14893.8975,15374.205,15407.975,15899.2375,15465.800000000001,15246.89,15312.0975
W117,7018.56725,7029.9735,7021.92,7074.1075,7053.12475,7082.90175,7070.004,7136.037,7180.234,7237.619250000001,7303.618,7394.05725,7407.25925
W118,1740.1465,1731.16975,1725.4405,1736.316,1758.489,1761.48675,1753.5275,1750.17925,1756.311,1758.1132499999999,1756.29675,1756.4635,1762.83175
W119,996.909925,991.050525,974.391875,987.28095,1004.22345,1005.1866,1031.1480000000001,1030.047175,1010.269625,999.5518,985.0183499999999,964.014875,967.953775
W120,832.939175,826.2391,820.767775,815.1781,838.656575,844.5991,860.851175,867.136625,844.997625,849.725875,832.10785,811.5533750000001,839.777875
W121,10366.9225,10434.485,10344.5075,10430.9075,10475.575,10522.9925,10469.74,10519.97,10578.645,10618.9025,10627.8525,10656.6,10708.2175
W122,372.83005,380.70939999999996,370.835,378.84805,371.45105,387.8569,355.698075,355.64507499999996,356.01445,365.32845,368.16875,367.0847,358.000325
W123,481.334925,489.328925,478.644875,487.528525,480.8046,499.801375,460.18942499999997,461.55152499999997,461.972775,471.9689,474.3079,473.67285000000004,472.34895
W124,8539.224,8567.0015,8542.19525,8549.11125,8595.38125,8607.0685,8731.822,8841.797,8836.4635,8847.589,8803.72925,8878.135,8985.621000000001
W125,10825.5425,10877.14,10831.99,10808.07,10799.5925,10954.49,10881.0625,10815.5425,10840.74,10903.47,10883.942500000001,10973.335000000001,10957.9875
W126,9532.44175,9580.17675,9479.69,9553.449,9636.037,9690.045,9614.8915,9655.67775,9691.94525,9745.59525,9756.95175,9754.14975,9810.5245
W127,10809.8625,10902.682499999999,10845.1,10965.5775,10826.0875,10815.6125,10861.2075,10963.4325,10960.9025,10955.9375,11091.602499999999,11296.1325,11402.345
W128,3635.251,3679.1822500000003,3564.297,3625.0190000000002,3648.7315,3709.30725,3644.258,3668.5274999999997,3706.5815,3686.76275,3613.26125,3578.0685,3548.571
W129,1020.109,1021.199,1019.71375,1021.9762499999999,1023.106825,1025.798,1025.243525,1030.4355,1030.695,1031.986375,1030.4886,1031.150025,1027.44875
W130,8170.9259999999995,8163.35225,8195.50375,8254.05125,8250.47625,8245.94175,8249.60925,8300.264000000001,8277.791,8273.5585,8318.974,8314.332,8323.61775
W131,2155.5595000000003,2146.173,2144.92725,2156.3635,2176.00175,2172.4085,2161.07275,2162.65225,2171.736,2171.2532499999998,2166.04425,2169.0679999999998,2179.04775
W132,22567.68,22684.1725,22645.555,22679.96,22857.6075,22803.945,23006.33,22998.9975,23040.855,23052.1675,23095.465,23114.205,23160.285
W133,13830.61,13933.4025,13797.4675,13898.395,13960.9175,14035.39,13950.735,14050.795,14089.06,14133.067500000001,14150.8775,14132.852499999999,14181.695
W134,12062.15,12156.0475,12047.235,12122.2575,12176.7175,12261.185,12208.8475,12277.25,12282.9375,12313.015,12306.0625,12368.98,12410.22
W135,6130.10425,6083.0865,6049.60325,6065.77725,6133.01025,6162.74975,6231.294,6251.2835000000005,6294.5935,6328.4775,6354.282,6406.01675,6377.28525
W136,6369.37425,6429.447,6444.61425,6366.5795,6375.77375,6419.599,6470.12325,6495.7995,6546.437,6526.1047499999995,6558.021,6585.429,6531.007
W137,7049.769249999999,7080.5107499999995,7069.57075,7088.5405,7058.3975,7075.35725,7064.13725,7132.62825,7137.39825,7148.4505,7234.41875,7338.90675,7289.5015
W138,363.745625,378.0359,358.943725,369.600525,397.970525,397.10765,345.556875,348.9291,355.790525,362.65235,358.249775,370.8338,363.512475
W139,7901.824,7901.67375,8016.72075,8009.782,8005.94575,8029.41975,8052.78525,7994.19725,7935.06125,8017.90575,7988.91925,8136.7207499999995,8118.68175
W140,8273.36675,8307.786,8368.5885,8393.80175,8438.68425,8450.75775,8371.57525,8342.5345,8316.372,8417.3365,8349.98875,8504.27275,8477.436
W141,10856.36,11282.27,10665.13,11100.9625,11232.95,11484.3125,11025.0475,11412.785,11427.72,11831.515,11499.335000000001,11402.5525,11569.2625
W142,5362.5965,5393.325,5389.9445,5413.23675,5399.55725,5418.9977499999995,5428.70025,5468.63675,5512.474,5532.2755,5600.87875,5673.4115,5665.938
W143,11329.4675,11282.2125,11228.845,11284.94,11477.545,11502.3425,11431.2625,11413.11,11464.555,11489.185,11436.1075,11431.8,11500.4425
W144,968.3181000000001,979.48205,959.270975,974.087875,988.511175,995.2157,1019.330275,1027.90725,1004.48985,998.441725,984.08125,961.371625,968.588
W145,8125.50025,8199.64175,8136.5065,8103.09375,8318.96575,8406.63225,8608.634750000001,8712.49725,8507.659749999999,8614.84,8441.84075,8239.26875,8486.207
W146,6709.4355,6758.97725,6684.62975,6734.676,6793.26175,6819.36325,6777.0287499999995,6794.84775,6845.23575,6876.4055,6903.27025,6929.722,6978.11
W147,128.296675,125.860125,125.409225,127.41182500000001,113.71365,117.1659,104.1181,110.16345,107.0872,110.107575,116.0444,118.87585,118.03845
W148,228.564275,223.4295,225.028225,227.632625,210.859,214.97447499999998,193.7654,201.664225,197.1002,201.18685,208.9095,214.38155,221.861975
W149,4470.67025,4494.1825,4464.501,4470.6225,4532.2985,4537.95225,4675.94175,4768.7775,4755.96775,4772.739,4741.57975,4825.10825,4899.4195
W150,8024.89525,8081.0295,8013.49475,7996.99325,8004.72525,8135.97325,8081.62925,8032.38375,8040.16,8107.57975,8111.75,8160.66325,8136.1885
W151,6278.7415,6316.40075,6247.661,6295.760499999999,6344.763,6375.2065,6309.266,6329.1627499999995,6373.93975,6420.10075,6447.607,6442.062,6479.4275
W152,8437.96075,8506.33475,8411.07875,8512.5595,8415.921,8427.47775,8423.062,8475.92175,8514.80675,8558.41125,8610.44325,8747.7565,8752.15625
W153,2965.71125,2998.6785,2887.92375,2949.70075,2955.934,3019.1555,2950.25475,2967.98975,3017.44625,2987.6005,2933.1530000000002,2896.9764999999998,2882.378
W154,8749.00675,8769.723,8734.726999999999,8738.60825,8775.083,8783.874,8781.83775,8827.88975,8828.967,8855.44825,8794.39075,8808.84575,8789.56525
W155,4570.62575,4579.6345,4611.01975,4636.162,4629.3115,4656.522,4635.9,4671.39825,4658.05775,4674.1359999999995,4701.1205,4716.637,4718.08825
W156,5459.928,5448.75125,5479.81525,5507.67575,5501.14875,5522.9707499999995,5512.89775,5547.66425,5547.2145,5552.3085,5576.5867499999995,5588.0419999999995,5583.80825
W157,1429.7485,1420.90275,1419.46675,1424.0507499999999,1445.34525,1447.38725,1438.02875,1434.6435,1440.9247500000001,1444.38575,1437.8345,1438.5365,1441.777
W158,16450.579999999998,16513.2425,16518.267499999998,16570.5225,16703.7975,16729.0075,16795.127500000002,16826.2425,16868.87,16833.285,16900.4925,16908.195,16925.2525
W159,9203.19875,9293.70775,9176.936,9262.4535,9301.44925,9340.525,9326.646,9358.44325,9382.77525,9446.03725,9433.76075,9442.19975,9485.671
W160,7991.40925,8083.75475,7974.46125,8048.938,8110.72,8148.24425,8089.497,8126.2695,8171.10425,8201.22625,8193.567,8217.58525,8270.14175
W161,12079.13,12130.56,12177.975,12270.24,12325.630000000001,12243.6225,12273.865,12311.305,12303.57,12256.5325,12264.6225,12212.0725,12310.81
W162,4387.03475,4375.49875,4328.361,4349.45225,4410.75525,4434.01125,4506.44475,4504.1295,4527.683,4554.08525,4595.1485,4632.5960000000005,4609.89275
W163,3777.086,3774.748,3755.8955,3748.9315,3780.19325,3787.6352500000003,3779.878,3770.79975,3810.711,3816.2219999999998,3808.15675,3780.82175,3762.7165
W164,24437.665,24498.5825,24285.525,24310.752500000002,24344.78,24327.1625,24386.7625,24560.177499999998,24661.0075,24659.7,24937.25,25310.065,25690.2975
W165,3772.83125,3804.82975,3734.975,3744.0415,3772.45,3831.94275,3668.88375,3679.4955,3693.03275,3766.42125,3767.38675,3837.453,3947.70675
W166,2622.1275,2611.09125,2617.1825,2609.66325,2567.35275,2580.699,2573.1295,2577.6245,2580.2925,2576.435,2600.963,2662.71825,2707.104
W167,2999.67575,2993.94925,2999.40375,2981.3605000000002,2952.4007500000002,2966.116,2941.477,2951.60875,2951.58825,2959.5785,2977.71225,3054.5945,3112.83075
W168,3739.796,3840.03525,3659.68325,3725.5115,3930.55175,4066.49075,3890.5915,3945.2575,4006.47625,4064.79725,3937.65025,3829.6662499999998,3712.7015
W169,1646.88275,1652.25625,1652.09075,1662.894,1653.37,1671.63575,1639.2275,1655.3865,1668.737,1678.4845,1698.50325,1735.38825,1743.45575
W170,3584.39625,3591.81925,3593.4945000000002,3606.062,3597.012,3610.25175,3587.464,3604.2490000000003,3612.7177500000003,3617.6285000000003,3656.6055,3691.49375,3694.359
W171,6056.764999999999,6029.60425,6016.68575,6057.1655,6085.39275,6059.67175,6048.50625,6046.75775,6102.68425,6097.4465,6092.051,6096.34525,6144.55675
W172,3667.24825,3677.7905,3660.1907499999998,3689.5365,3707.27375,3722.023,3703.41725,3717.90425,3738.87675,3737.875,3728.5275,3739.31325,3746.2485
W173,3404.87575,3521.17425,3484.8945,3554.1597500000003,3485.7735,3618.2464999999997,3640.1505,3599.41775,3545.7799999999997,3526.337,3459.361,3505.09775,3430.32
W174,2801.67825,2800.243,2801.9485,2794.169,2789.7455,2809.58575,2799.698,2799.397,2798.26475,2818.40825,2814.45025,2830.2490000000003,2837.62225
W175,3259.70325,3273.4925,3253.66225,3269.32925,3298.7245000000003,3315.22725,3303.71225,3307.99175,3335.482,3342.153,3335.2965,3340.30725,3347.4275000000002
W176,2390.90425,2412.3672500000002,2460.16225,2465.69175,2431.4715,2413.381,2472.7485,2507.4342500000002,2488.91575,2445.561,2496.72875,2571.2667500000002,2670.685
W177,6648.70375,6673.02775,6666.323,6618.729,6783.8695,6895.48275,6903.008,6914.40475,6931.34725,7051.64775,6879.036,6804.560750000001,6715.299
W178,1472.1525,1468.52475,1472.15425,1479.1580000000001,1487.68175,1485.87075,1492.49375,1500.197,1501.65425,1493.60575,1496.871,1496.33075,1476.74625
W179,2716.51175,2717.3885,2718.8425,2730.56475,2727.72525,2735.54875,2747.7965,2743.6855,2732.679,2742.864,2741.9742499999998,2741.826,2744.22025
W180,7249.84425,7231.657,7219.94325,7250.31625,7275.7735,7274.0485,7254.67875,7245.1065,7297.67075,7305.73825,7287.97325,7306.979,7352.331
W181,8788.955,8782.23875,8763.37325,8774.707,8805.79925,8813.592,8874.35825,8881.636,8885.258,8875.9,8899.69725,8944.1575,8963.0575
W182,1327.1702500000001,1305.4785,1310.861,1318.9982499999999,1330.32075,1335.9695,1340.792,1348.22775,1357.9982499999999,1364.7817499999999,1381.4505,1376.18275,1357.873
W183,6084.39575,6075.05325,6070.386750000001,6060.967,6091.7005,6114.3375,6131.59175,6144.01225,6167.9095,6176.09575,6188.31675,6188.223,6217.0655
W184,4609.804,4614.183,4604.945,4623.47575,4644.1875,4654.37125,4649.1275,4660.3635,4673.79375,4690.7660000000005,4683.939,4700.68825,4705.91675
W185,4062.89925,4086.162,4069.1005,4079.95625,4106.07175,4119.207,4101.513,4114.25375,4126.63325,4138.66525,4128.9635,4132.516500000001,4147.595
W186,1737.61575,1729.0720000000001,1723.158,1724.9845,1730.54025,1735.5705,1750.3615,1756.0205,1763.5885,1766.67825,1762.027,1779.23725,1775.54525
W187,950.84955,951.762225,942.329725,934.3643500000001,941.86765,936.94295,926.2104,926.514575,918.607525,915.04375,889.890025,925.745375,947.780575
W188,2277.0845,2320.8247499999998,2271.07025,2250.83425,2263.3022499999997,2260.28825,2206.1555,2189.539,2162.62875,2183.449,2122.0455,2183.07325,2259.8335
W189,2071.9429999999998,2022.8715,2020.5825,1989.7265,2045.7907500000001,1977.617,1940.89825,1919.92625,1925.8825,1798.28925,1628.5275,1781.823,1835.9237500000002
W190,457.776975,453.541225,449.095425,447.212675,454.749,449.620925,448.942275,452.660575,448.488,444.673375,429.503375,454.247375,461.1665
W191,6522.67225,6321.96,6471.032999999999,6247.8485,6281.592,6217.0215,6016.7167500000005,5978.81,6155.9775,6009.5467499999995,5668.09475,5888.68025,6043.6915
W192,1197.17425,1236.87425,1208.48025,1203.856,1208.622,1208.57725,1161.51925,1156.043,1127.5485,1153.99425,1099.08275,1150.67825,1197.27425
W193,5816.564249999999,5647.6785,5515.68575,5469.1165,5465.37875,5269.474,5254.2745,5254.25875,5226.88675,5343.2705,5221.9705,5320.23575,5476.87125
W194,496.49055,512.008775,501.582025,493.977,495.91715,503.0074,498.6147,484.47115,492.225925,480.764025,483.422525,481.33115,492.922625
W195,1049.16125,1043.099225,1052.00425,1053.6895,1091.6847500000001,1084.43875,1092.24925,1101.344,1062.703,1064.5115,1005.1626249999999,1095.7245,1144.27975
W196,9805.3545,9837.5325,9713.43875,9516.29,9535.687249999999,9342.07775,9265.2225,9364.7815,9322.90025,9438.92525,9576.2665,9757.4745,10010.5895
W197,3503.639,3537.5955,3540.39775,3469.469,3556.80125,3560.855,3511.03275,3500.54275,3447.962,3468.6855,3370.16025,3512.333,3654.9515
W198,2446.3492499999998,2377.73575,2364.1725,2325.0135,2364.22825,2289.0625,2251.43825,2218.10725,2226.25575,2122.1145,1996.38825,2174.17425,2182.05725
W199,814.27355,822.138525,796.7704,779.731425,772.681925,765.851975,750.5242,745.30665,717.317425,746.216825,748.5454,767.1766,782.903725
W200,1812.0715,1869.6525,1794.561,1778.02775,1839.86175,1827.58225,1784.7659999999998,1851.4835,1696.578,1573.8875,1113.00875,1327.748,1462.16625
W201,2040.43275,2025.783,2027.075,2006.6685,2046.86425,2019.0455,2018.2135,2040.78325,1989.8925,2002.90875,1953.8055,2076.30975,2148.773
W202,4305.53175,4360.47425,4312.38425,4268.89825,4306.3265,4288.07575,4235.6925,4231.53975,4170.247,4195.052,4082.49825,4248.835,4396.3375
W203,5580.50425,5557.0895,5385.94125,5369.61925,5361.9565,5188.6720000000005,5018.23125,5016.80075,4786.775,4829.41975,4843.57075,5280.65,5350.81225
W204,7298.03025,7371.078,7329.48725,7311.4815,7308.91275,7339.18375,7317.89625,7317.9305,7291.08175,7314.9895,7353.2742499999995,7371.4775,7362.1735
W205,12976.2125,12723.6825,13166.025,14185.12,14284.95,15086.385,14349.975,13841.41,13110.3275,13390.550000000001,13308.2975,13350.6175,12902.9075
W206,972.70335,1025.9115,965.6577,932.086875,871.662325,794.3132,973.664625,939.75125,921.0652249999999,925.91965,985.1093,1132.22275,1078.968225
W207,10424.315,10490.87,10050.67675,10626.545,11569.0875,12700.14,11199.0625,11692.925,12773.0975,12838.6825,12940.3475,12847.0925,11850.955
W208,26714.4025,25516.0175,22719.5225,23604.2,21443.9875,19771.265,21187.6125,24178.94,29096.682500000003,26202.03,22790.9525,23186.925,27984.235
W209,4176.82475,4182.267,4183.243,4182.3435,4223.83375,4131.059,4143.475,4142.4325,4139.2895,4141.8345,4137.626,4136.552,4132.40325
W210,8236.851999999999,7884.50725,8753.786750000001,9207.1905,9236.55975,9509.798,8359.21925,8245.356,7876.3857499999995,8032.0422499999995,7957.23125,8394.77375,7830.3605
W211,18898.4,19022.215,19168.435,19185.8975,19081.51,19045.85,19044.170000000002,19158.925,19236.535,19220.135,19178.7375,19399.7775,19341.005
W212,5531.39275,5447.0615,5426.50875,5817.26625,5908.6515,6110.345499999999,5841.584,5814.474,5849.0395,5805.71725,5633.22475,5438.582,5412.646
W213,3265.83025,3326.438,3207.92075,3258.83625,3142.217,3110.65175,3145.5724999999998,3227.8975,3351.23825,3450.4605,3324.8135,3393.464,3333.927
W214,1746.384,1729.5697499999999,1753.06,1748.1000000000001,1790.05275,1780.85025,1832.17125,1872.729,1840.876,1830.48625,1838.95275,1798.9087499999998,1806.903
W215,2367.7532499999998,2386.4225,2396.6905,2389.73425,2428.465,2469.79975,2479.4139999999998,2477.256,2470.5315,2462.44475,2458.79325,2466.75225,2468.2205
W216,3144.4555,3167.43525,3177.71875,3172.106,3210.971,3260.4835,3261.84525,3264.4655,3249.02725,3238.10475,3237.1960000000004,3240.0389999999998,3238.8804999999998
W217,10032.3015,10048.37375,9972.35475,9834.357,10073.14575,10039.812750000001,10075.46025,10137.9705,10132.05625,10160.189,10151.89775,10162.54625,10096.00325
W218,9497.942,9883.11475,9910.29275,9725.48625,9738.114,9951.5175,9970.5255,9957.63025,10020.54825,9975.97275,10008.869,9998.75,9968.569
W219,985.576025,986.8395,993.404125,985.671275,971.55445,967.197275,992.79875,983.132275,975.04505,984.8631,981.440425,977.579775,977.438775
W220,1799.41325,1795.1205,1784.28925,1801.96875,1793.33475,1794.23475,1803.966,1796.65,1791.09175,1784.25425,1810.14225,1804.5455,1802.4405
W221,7323.17225,7168.13025,6971.838,7448.7567500000005,7272.372,7462.35875,7025.00375,7605.0525,7902.2785,8286.293249999999,7807.47825,7741.51875,7783.6445
W222,7693.13675,7463.50475,7063.3099999999995,8188.40725,8949.73775,8734.43225,8054.117,8245.62025,8370.55725,8577.3835,7956.762,7988.07675,8078.1935
W223,26097.3725,26012.57,26583.28,26207.6975,27204.535,26300.785,26540.8,26559.985,26742.625,24658.4875,26825.075,26913.68,26265.9725
W224,1714.0915,1755.07025,1743.95525,1774.4285,1781.6575,1829.37975,1825.91825,2108.07975,2026.0885,2099.53725,2049.74125,2388.983,2570.80375
W225,1934.05925,1974.064,1966.12375,1982.1177500000001,2001.6805,2131.9100000000003,2030.938,2028.0115,2094.03375,2593.9085,2799.5750000000003,2352.96625,2234.953
W226,2813.40825,2751.52225,2671.036,2631.0995,2505.67875,2623.88025,2533.36825,2531.0355,2443.5015,2561.26525,2597.266,2607.34825,2566.10875
W227,1349.51875,1411.5455,1379.93975,1445.69375,1490.81,1676.46225,1588.12675,1588.05725,1591.05425,1936.761,1982.7465,1751.1515,1706.0835
W228,7887.6385,7888.1900000000005,7812.94675,7716.2985,7699.2795,8059.16875,7877.0855,7920.1269999999995,7939.6855,8175.434,8265.34675,8365.72425,8187.68525
W229,464.072475,456.5433,448.32985,437.504,414.86465,475.839975,423.244275,444.7946,402.05135,490.604,444.0888,451.4375,462.051925
W230,2995.78475,3014.614,3010.1415,2944.5025,2754.87525,3722.68575,3118.507,3080.89475,3023.88775,4479.77975,5074.84925,3866.11425,3477.1495
W231,582.01255,635.425575,673.09315,705.191175,789.4306,903.1897,982.407725,1040.702025,1083.51875,1266.10775,1359.38825,1285.689,1300.13125
W232,1903.85525,1922.386,1963.36875,1984.483,2060.3177499999997,2250.86075,2316.041,2453.42675,2530.69425,2909.92675,3176.20475,3341.116,3247.466
W233,1030.882,1039.79825,1030.771,1125.32325,1133.1205,1277.05775,1230.47775,1259.6025,1312.89575,1554.86525,1724.6675,1728.77775,1651.90325
W234,1836.2045,1813.069,1855.213,1844.4205,1873.614,2132.98225,2087.0745,2121.92225,2053.5895,1966.74975,3152.5432499999997,2776.34625,2778.12675
W235,443.2138,486.1145,522.99545,565.6578000000001,593.51925,686.2505,732.90985,775.203425,782.53135,898.897575,1007.940775,1041.136275,1045.987425
W236,3209.8465,3334.1565,3303.2505,3359.98475,3334.9315,3673.2219999999998,3524.86325,3654.135,3648.87,4178.7015,4242.18125,4205.6015,4173.453
W237,1078.78475,1095.69325,1072.3162499999999,1088.8725,1105.995,1205.57475,1143.9525,1159.2375,1175.207,1372.46125,1447.243,1289.60675,1267.14625
W238,373.61145,371.44995,374.3741,396.91515000000004,427.51640000000003,486.955925,491.745925,519.8643000000001,573.546025,684.032,748.861,716.148075,690.9586
W239,3812.71775,3910.17,3966.29875,4090.0295,4199.1505,4527.41675,4595.80175,4768.63575,5008.57,5928.18775,6484.90975,6099.77775,6232.8535
W240,2605.8134999999997,2675.5445,2744.7935,2877.71775,3127.94275,3024.1515,3093.8647499999997,3128.109,3722.5845,3871.783,3500.15775,3485.8925,3512.91425
W241,1032.54525,1053.35125,1085.907,1089.27,1237.736,1309.95625,1311.6025,1255.7915,1464.02625,1738.77375,1605.512,1628.5185,1575.159
W242,1502.24875,1542.08125,1535.075,1543.2435,1728.84625,1593.7135,1621.888,1637.8922499999999,2103.68,2306.8575,1885.35275,1838.53575,1814.4625
W243,1250.3365,1419.86625,1649.49875,1885.649,2336.161,2565.8514999999998,2749.88625,2924.1372499999998,3244.6785,3568.2215,3619.652,3713.85775,3763.5995000000003
W244,818.187325,864.369375,900.349225,944.00505,995.230325,1069.51475,1128.172,1198.1775,1266.55925,1318.14625,1391.00375,1417.93025,1423.3005
W245,2342.1572499999997,2351.64425,2345.11625,2363.5150000000003,2577.879,2530.60925,2581.98225,2608.01,3048.944,3217.4525,3139.07125,3044.765,3113.00275
W246,1183.4015,1205.03375,1242.0315,1291.485,1604.7235,1586.59775,1520.3229999999999,1478.1409999999998,1703.2475,1931.48775,2041.01225,1944.19425,2039.3500000000001
W247,4566.896,4591.12525,4717.93675,4885.52025,5566.487,5593.995,5541.27225,5572.32025,6382.114,6723.60525,6133.64825,6104.3735,6085.67425
W248,15910.1525,17810.2275,17788.725,16357.33,16224.6825,17377.915,17455.2575,17213.965,17059.52,16777.3975,16857.045000000002,17288.565,17186.67
W249,22243.5575,22413.315,22381.0275,22101.6375,22128.1325,21870.555,21780.645,21509.2975,21686.0925,22228.7175,22247.8325,21094.9725,21451.91
W250,3203.46225,3134.996,3235.89275,3362.76725,3391.91875,3175.35,3204.03575,3319.2525,3387.21525,3199.59125,3261.264,3432.53475,3574.337
W251,6730.63025,6759.74975,6743.26575,6745.49975,6687.432,6683.44,6718.6385,6742.923,6754.04125,6781.33225,6775.13225,6968.8315,6998.966
W252,8781.15075,8871.26075,8747.65975,8568.3845,8657.925,8914.30775,8900.764,8700.063,8702.361,8956.13725,8928.1195,8740.58375,8625.1495
W253,12438.635,12433.925,12382.0075,12339.3375,12348.1525,12427.125,12433.869999999999,12323.9825,12355.97,12481.8875,12426.3825,12404.285,12383.0525
W254,5887.9505,5832.1495,5914.105,5992.49575,5950.65625,5850.967000000001,5836.81575,5959.3645,5963.80325,5912.85625,5917.73775,6011.4695,6013.2725
W255,1908.63125,1913.93025,1911.1009999999999,1902.9995,1904.68825,1896.28575,1874.73175,1883.086,1906.77975,1919.8525,1913.61275,1911.48375,1922.41425
W256,2836.99225,2915.74775,2949.74725,3108.363,3152.541,2072.8292500000002,2070.03525,2165.93675,2422.37025,2546.3312499999997,2694.1349999999998,2621.9085,2820.1055
W257,4028.21325,4054.73825,4067.6855,4073.6605,4076.17325,4086.455,4100.75375,4087.82125,4080.552,4089.602,4077.19725,3566.26725,3735.1875
W258,2163.812,2158.4767500000003,2150.40875,2108.92425,2087.4825,2083.6485000000002,2089.3355,2082.83675,2118.4305,2119.102,2104.0375,2112.1285000000003,2086.5455
W259,7709.4785,6762.443749999999,6488.34425,6183.866,7902.85175,6568.86325,6714.4755000000005,6373.41125,8177.151,6878.35875,6708.96825,5725.62075,6031.0355
W260,795.561225,546.365475,692.368875,656.3818,1032.075175,603.533275,618.063525,567.085975,568.875075,582.39215,689.223475,613.146475,623.727225
W261,4790.57525,4746.09075,4708.986,4687.996999999999,4854.65225,4744.25125,4749.322,4716.129,4888.926,4754.126749999999,4722.31775,4122.3925,4303.014999999999
W262,4417.641,4410.4605,4393.77175,4414.12625,4422.9735,4422.46775,4414.5815,4414.46525,4447.28875,4462.829,4460.96225,4446.4545,4439.484
W263,2327.89725,2175.2925,2271.1417500000002,2381.202,2287.234,2203.194,2246.7815,2226.1217500000002,2178.99325,2162.7205,2184.469,2248.502,2556.362
W264,3830.8962500000002,3893.15025,3701.8145,4112.20075,3728.674,3913.13475,4078.98225,4328.842,4169.9325,4061.6077499999997,4127.373,4352.2245,4040.77
W265,2177.41325,2318.35775,2217.5615,2240.2595,2266.77525,2231.4587500000002,2241.12225,2249.88575,2259.30575,2229.7889999999998,2237.8555,2212.96625,2249.656
W266,2133.296,2257.23425,2175.66475,2240.8805,2269.3095,2254.23525,2262.48475,2275.2845,2321.33675,2290.627,2323.2,2286.51425,2276.4705
W267,3287.32725,3320.7975,3531.193,3562.7889999999998,3415.20725,3433.6775000000002,3833.8575,3484.95,3512.73625,3310.69475,3338.50275,3353.3325,3308.96125
W268,1357.313,1468.39725,1375.5095,1396.3075000000001,1433.9805000000001,1389.2595,1394.7662500000001,1386.0,1401.2165,1376.9157500000001,1393.203,1361.35175,1395.873
W269,1273.0585,1370.01375,1313.1025,1364.60975,1393.1175,1368.36975,1353.659,1364.7175,1417.384,1362.29875,1416.20175,1394.27975,1392.2830000000001
W270,7601.59025,7529.1897500000005,7586.16475,7614.12375,7659.525,7729.632,7796.5585,7930.674,7841.932,7832.9885,7788.27675,7802.243750000001,7696.57125
W271,7406.91625,7396.06075,7444.72775,7474.9885,7463.84825,7483.179,7580.9415,7653.24325,7591.38525,7573.7125,7479.00825,7452.57675,7390.31075
W272,985.065475,985.116875,977.762325,973.947875,965.8102,968.50605,968.82485,973.888975,977.78335,975.5519499999999,961.70865,965.65225,967.3376499999999
W273,6431.3875,6485.959,6486.45375,6436.4325,6391.2395,6443.99925,6505.85875,6511.80575,6573.66325,6591.4130000000005,6598.21725,6630.25475,6615.806250000001
W274,822.727075,845.3142,846.1642,846.3623,839.8115,842.9301,851.244325,864.074325,862.806025,858.150875,847.381575,852.644575,852.207275
W275,8533.587,8815.40475,8595.578,8640.413499999999,8610.12575,8752.089750000001,8947.8325,8976.64675,8991.061,9210.30175,8891.5455,8808.43275,8789.3405
W276,11229.9925,11269.6425,10991.9675,11099.18,11179.61,11499.46,11498.9625,11556.01,11519.335000000001,12262.1175,12056.3475,11893.83,11637.29
W277,3232.86825,3212.4165000000003,3230.9942499999997,3175.40225,3258.50775,3219.7795,3203.0325,3169.71175,3214.803,3197.3055,3213.9922500000002,3202.7442499999997,3186.73675
W278,1307.6385,1421.484,1324.19675,1345.501,1383.124,1342.58925,1350.33,1340.5195,1352.97075,1327.8075000000001,1343.77225,1310.7685000000001,1345.34275
W279,1223.6399999999999,1323.8145,1268.972,1320.22625,1348.98425,1323.8944999999999,1313.753,1320.7365,1373.26825,1316.1235000000001,1371.40625,1351.9247500000001,1349.4595
W280,5359.376,5344.20775,5383.442,5389.28775,5367.81,5381.104,5400.00425,5431.13675,5393.43125,5365.504,5407.9825,5432.0565,5424.34125
W281,1768.33975,1781.60825,1782.00025,1777.663,1818.788,1815.3775,1752.593,1773.90275,1805.9225,1878.89625,1921.96,1921.18225,1910.9485
W282,2159.747,2204.05825,2154.85725,2171.869,2178.586,2209.107,2176.3075,2212.4922500000002,2224.96475,2245.21475,2276.87475,2274.7785,2262.7200000000003
W283,336.052525,324.621975,318.206475,318.178675,314.452725,316.28069999999997,316.944475,314.475625,320.73492500000003,324.036775,323.890725,325.484375,324.757025
W284,576.3201,579.630575,584.2861,580.751625,586.8767,586.318225,582.031625,575.5403,576.67425,593.142475,576.276625,553.99235,569.208625
W285,690.674775,686.3097750000001,684.248875,685.903525,684.81845,681.948025,686.717775,685.5436,693.0488750000001,694.811375,700.08265,704.2246,713.091925
W286,10850.8625,10344.82875,9156.69375,8830.29375,8899.82825,8868.58075,8701.22075,8907.311749999999,9604.9115,9296.0025,8969.0825,9081.6575,9724.2895
W287,2223.05125,2234.1865,2251.77325,2244.0445,2297.8582499999998,2332.7015,2287.57325,2277.64625,2262.54025,2269.9455,2283.3385,2272.92125,2262.303
W288,7809.90775,7830.41475,7798.53425,7790.4935000000005,7828.215,7908.682,7918.8935,7919.4325,7889.606,7888.3615,7790.92425,7769.72975,7787.90925
W289,9899.4285,9886.7765,9896.72875,9898.71125,9871.9425,9936.6085,9964.351,9987.33175,9967.21175,9945.7845,9994.0365,10026.40425,10149.2985
W290,14952.8575,14546.115,14146.315,15699.1975,16087.295,16050.9175,15036.5275,15838.994999999999,16280.61,16803.6475,15748.655,15690.5625,15765.93
W291,8478.2025,8705.82875,8711.0075,8546.35025,8361.22625,8888.6405,8439.21375,8396.032,8442.216250000001,8848.5685,8710.2605,8472.96225,8107.1935
W292,18795.4175,19360.600000000002,19140.5775,18655.765,18337.829999999998,19324.18,18902.23,18661.405,18623.7475,19148.9025,18926.2825,18381.62,17989.0275
W293,2005.424,1967.50975,1822.28275,1606.40375,2062.2775,1765.8474999999999,1704.5025,1550.36075,1837.8055,1653.9814999999999,1720.78975,1536.177,1779.64975
W294,1524.16375,1500.02025,1533.47625,1555.8875,1499.81925,1487.58925,1386.707,1407.3785,1482.219,1609.1295,1288.68875,1337.696,1391.389
W295,2550.0115,2829.17775,2800.289,2280.38525,1967.588,2371.00375,2246.699,2689.453,2656.04775,2612.6805,2860.35975,3011.4855000000002,2676.0015
W296,2747.888,2926.03175,2745.1535,2356.02225,2109.92975,3001.801,3315.2915,2918.5445,2769.1345,2612.958,3159.4,3112.1465,2851.1605
W297,4627.4605,4750.5160000000005,4624.90025,3983.97475,3523.12525,5038.58,5603.094,4666.794,5028.22125,4499.11275,5347.2315,5500.9025,4903.62525
W298,2996.6955000000003,3246.131,2966.84,2705.248,2322.09675,3493.384,3699.25475,3183.4585,3209.0395,3156.8655,3646.36,3586.93775,3427.764
W299,3029.6795,3019.95525,3074.4232500000003,2724.26725,2372.5355,3334.6685,3863.7,3045.8595,3306.4855,2951.0415,3273.1385,3324.74575,3046.133
W300,1576.5035,1571.95275,1580.73875,1472.2205,1204.0105,1739.3335,1821.9515,1648.29425,1680.69125,1637.99025,1742.94775,1848.9825,1762.28825
W301,2387.4645,2594.25525,2528.116,2459.22925,2100.591,2336.25525,2544.2982500000003,2381.168,2442.1115,2280.8,2499.563,2477.92475,2545.2305
W302,2508.04625,2672.64875,2689.4945000000002,2279.49825,1865.20175,2831.99125,3000.62925,2637.00175,2625.1417500000002,2455.06475,2722.86125,2803.81275,2722.852
W303,5058.88075,5208.18175,4909.34675,4189.016,3537.2195,4286.74625,5214.86175,5014.23725,5147.517,4962.55025,5318.7875,5530.5465,5166.85325
W304,2689.3665,2810.30625,2735.858,2305.1185,1944.368,3041.4745,3223.09325,2796.99375,2729.38,2519.2957499999998,2940.01875,3041.371,2919.7135
W305,2910.8,2884.3685,2736.4605,2504.14475,2133.79225,2565.65075,2905.24225,2870.78425,2888.4345000000003,2654.755,3164.784,2937.99775,2923.199
W306,2174.558,2243.71275,1966.44,1801.796,1631.3725,2477.74325,2589.809,2147.0097499999997,2284.30325,2113.18325,2459.648,2362.94425,2395.7554999999998
W307,3086.8775,3232.5695,3217.0325000000003,2726.2305,2351.4075,3509.86875,3828.719,3162.73725,3302.83025,2980.995,3565.16975,3571.4085,3392.99725
W308,1975.9904999999999,2116.68925,2021.06975,1820.9385,1578.42475,2328.27925,2353.50925,2085.3125,2120.306,2085.2955,2365.1025,2388.96275,2276.899
W309,6018.03875,6740.6555,7060.2865,7114.254,6131.4955,7264.67475,6868.635,5841.2485,6039.372,5588.42275,6165.8865,6366.0795,6157.81675
W310,4457.98125,4656.47425,4584.71725,4662.9265,3929.2075,4574.66675,5247.62,4566.40225,4656.868750000001,4342.7025,4889.8655,4640.42625,4667.99025
W311,4705.7065,4717.51,4702.80625,4601.79875,3764.65275,4600.94225,5370.504,4612.42425,4570.11525,4304.942,4480.0065,4896.1405,4585.18175
W312,3841.19975,4029.2855,4354.944,4120.50025,3608.654,4114.2925000000005,4094.50375,3793.27975,4031.4610000000002,3544.709,3842.827,3956.42,3821.17325
W313,1838.04875,1928.51175,1915.8385,1876.95775,1570.34225,1435.59975,1407.3045,1497.9675,1574.8935000000001,1925.6367500000001,1947.8405,1863.57,1928.6285
W314,7744.561,7678.269249999999,7744.452,7943.5695,6996.2855,7595.67725,8013.42925,6797.09875,7271.01775,6917.73325,7246.79,7442.82575,7118.34375
W315,4866.09525,4805.457,5195.98025,4999.52525,4151.29425,5043.0345,5203.24925,4772.39075,5112.5775,4538.8825,4652.454,4953.44275,4826.26475
W316,2592.03075,2532.0885,2597.41025,2607.7205,2163.60325,2578.61375,3117.72425,2577.224,2746.569,2570.2374999999997,2715.95475,2823.19475,2666.1365
W317,3670.93325,3813.50925,3937.9935,3868.9105,3241.421,3556.32025,3414.43875,4115.39175,3767.59575,3672.8615,4008.7537500000003,3896.4785,4041.0765
W318,3333.0985,3459.1295,3291.46575,3368.14575,2906.906,3241.03725,3344.3495,3156.7015,3285.2915,3039.965,3348.0665,3454.97325,3450.645
W319,2121.0445,2203.67825,2363.96425,2483.581,2028.68875,2451.7397499999997,2541.45175,2266.2217499999997,2172.3325,2117.90525,2230.9215,2269.30525,2263.8255
W320,1822.89375,2113.32175,2126.1235,2043.21675,1714.74675,1973.7415,2103.2835,1792.2905,1744.0072499999999,1697.3325,1850.08325,1898.8,1919.117
W321,5862.81075,5598.98975,5648.51375,5825.59775,5346.4705,7176.119,7696.86075,6701.85075,6852.2485,6191.0625,6464.07275,6527.144,6395.55475
W322,2149.68825,2255.4315,2375.768,2401.5825,2077.8165,2333.65125,2420.08275,2086.86275,2117.3917500000002,2126.7822499999997,2106.9522500000003,2294.3382500000002,2314.5085
W323,3530.64125,4015.1915,4121.63825,4032.816,3517.69875,4261.4847500000005,4838.3565,4131.73525,4408.858,4114.00625,4685.794,4308.57525,4151.735
W324,2105.1615,2257.8565,2512.4585,2468.272,2236.11125,2648.68875,3110.13325,2649.827,2531.503,2450.56,2617.72825,2582.57525,2395.029
W325,3706.52225,4013.6125,3867.09575,3743.39375,3199.78525,3949.7822499999997,4157.7265,3414.4922500000002,3597.19625,3362.253,3944.83325,3824.136,3871.5617500000003
W326,3378.3815,3421.504,3500.832,3494.1815,2966.9485,3651.77525,3784.31075,3567.493,3496.0735,3225.348,3471.6615,3526.9900000000002,3374.41225
W327,7637.475,7906.6685,7973.72675,7644.08375,6609.7555,8900.82375,9580.707,8242.14375,8442.09925,7904.2735,9360.4025,8973.464,8735.35325
W328,2292.50725,2395.074,2396.84225,2162.3575,1886.37925,2391.72475,2744.51,2209.4865,2454.16725,2107.419,2629.013,2468.19625,2470.561
W329,8486.12875,8721.27775,8468.9245,8317.197,6907.80925,8084.8845,9257.827,8399.0315,8192.0335,7902.602,8623.3905,8637.8795,8200.301
W330,3080.3492499999998,3173.01,3092.5502500000002,2910.5257500000002,2565.10075,3524.285,3886.2955,3521.97825,3438.096,3169.18225,3598.6417500000002,3517.8402499999997,3474.7395
W331,5404.0565,5286.194,5404.0599999999995,5303.703,4338.74875,5606.18875,6196.90975,5315.3475,5280.85325,5054.2625,5696.2595,5721.3237500000005,5550.32475
W332,2944.78125,2847.1805,2989.75725,2909.27775,2462.91675,3028.2464999999997,3408.6237499999997,3040.2945,2968.9865,3125.92875,3258.26775,3030.32775,2773.117
W333,2291.81025,2495.58,2440.5925,2418.9962499999997,2022.19275,2386.1082499999998,2558.644,2290.7195,2435.929,2260.0775,2625.20825,2396.6845,2385.889
W334,3538.0215,3562.97425,3429.5012500000003,3412.16225,2873.73175,3815.9865,4171.7972500000005,3850.286,4029.5645,3443.50225,3928.3675000000003,4074.66425,3597.6655
W335,3926.91375,3953.371,4151.03125,4108.472,3384.41075,4004.413,4230.4195,4055.25325,3760.98075,3774.485,4004.9405,4091.54,3780.02275
W336,1410.05725,1489.42025,1630.45475,1703.0275000000001,1350.06025,1549.18725,1823.72475,1456.2315,1370.0215,1318.42075,1517.332,1546.07775,1451.1125
W337,1558.221,1721.97525,1790.81725,1761.5997499999999,1416.8197499999999,1529.715,1584.632,1368.32025,1424.18,1297.02525,1365.50875,1419.528,1500.95675
W338,1973.743,1984.1805,2136.07775,2063.1535,1722.0105,1958.8642499999999,2182.638,1937.726,1937.791,1801.1775,1884.3215,2065.16875,1937.8184999999999
W339,3551.62075,3565.622,3282.39525,3121.02425,2678.9272499999997,3714.048,4006.481,3523.83775,3650.7962500000003,3343.28075,3688.24275,3766.01825,3907.64325
W340,6024.90425,6079.9395,6121.12125,6102.47525,5243.82325,6228.48725,6355.188,5826.8145,5722.9565,5596.43925,5876.51225,5960.2245,5835.161
W341,4709.0650000000005,5294.8945,5123.54825,4704.5955,3879.1965,4438.458,5023.883,4251.2075,4343.868,4116.3805,4438.1765,4696.88525,4485.1815
W342,1153.8609000000001,1184.5922249999999,1183.59425,1075.0734,965.0142,1223.762,1314.43825,1226.0497500000001,1127.9384,1123.8721,1212.86725,1173.2611,1151.38875
W343,3222.9685,3251.737,3449.17425,3181.906,2900.3415,3385.09075,3965.3055,3242.55175,3270.04575,3168.28775,3314.6425,3411.538,3365.31625
W344,3073.45575,3105.5347500000003,2862.02,2508.5585,2049.1735,3347.36875,3512.1735,3125.987,3294.074,2918.81425,3219.4877500000002,3231.9967500000002,2893.96575
W345,2969.39125,3077.02825,3177.46275,2716.447,2306.67625,2831.68525,3224.53275,2817.47375,2922.42925,2868.08825,2849.81825,3151.1222500000003,3501.4335
W346,5309.6075,5124.9839999999995,5181.6375,4524.561,3792.8115,5529.0715,6085.6175,5016.007,5481.35025,4884.346750000001,5118.539,5496.699,5239.11075
W347,3448.6665000000003,3593.34425,3496.31525,3221.08025,2656.6535,3704.932,3745.253,3371.67375,3348.96775,3223.783,3601.57275,3635.59725,3509.3205
W348,3692.3,3860.369,3901.54875,3552.933,3016.33025,4141.0575,4244.2675,4030.45475,4187.73325,3900.032,4154.4515,4151.371,4086.746
W349,2746.60225,2522.095,2489.10925,2567.62175,2523.2265,2468.28575,2452.3325,2605.66325,2682.381,2695.259,2652.5115,2681.03125,2833.97
W350,4285.6005000000005,5077.90225,4664.8185,5355.7085,5729.1925,4205.17675,5285.6425,5660.22875,4740.419,4514.606,5511.9845000000005,6683.76625,5683.12075
W351,1399.13875,1682.598,1635.159,1753.64925,2127.79075,1732.57775,1724.2705,2077.59975,1665.111,1439.35125,1779.16225,1739.70725,2026.159
W352,1183.285,1106.378225,1093.74665,1093.14875,1094.697475,1052.5928999999999,1015.9045,1037.9338,1057.556075,1303.06825,1005.2548750000001,1053.9772,1125.754675
W353,1767.91525,1501.0705,1461.4765,1317.364,1123.999625,1494.03425,1755.99475,1441.53025,1462.90375,1489.49375,1516.08025,1557.9175,1524.6385
W354,2856.984,2794.09575,2704.763,2279.029,2123.58575,3406.407,3601.8265,3085.418,3370.15925,3398.02825,3651.26125,3353.58875,3190.0355
W355,2476.9305,2512.26425,2795.32625,2811.542,2362.6932500000003,2750.7905,2858.049,2566.8512499999997,2649.20975,2481.3955,2641.40875,2740.7577499999998,2634.47975
W356,3898.60025,3793.658,3634.373,3173.723,2833.86175,3731.5205,4081.1005,3733.50025,3671.19725,3525.56775,3832.164,3845.59775,3903.514
W357,3190.75175,3241.2095,3115.01375,2745.3047500000002,2435.8455,3492.1235,3601.3517500000003,3182.7585,3435.477,3294.38875,3490.73725,3613.97025,3409.81725
W358,5147.979,4988.65575,5182.608749999999,4304.22325,3649.5265,4968.95125,5422.469,4690.1325,5201.5215,4753.86975,5172.17975,5156.01,4884.963
W359,3348.03375,3117.94575,3361.694,2930.7892500000003,2431.009,3107.17225,3454.40075,3066.82475,3285.35625,2937.68,3121.04025,3354.744,3319.44125
