W1,152.83341584876075,89.13376099997222,141.039668090221,69.618067428649,107.68771256508505,104.31085591873799,101.41919825654294,108.11058586003732,100.43322700929247,153.55941508907662,194.73607918796088,190.10391756878718,158.74716442349316
W2,13.978118891682087,13.245408298727602,11.774314167924972,7.957650823264334,14.038863059379164,11.437073325374792,12.692976537242979,2.9182454703126033,12.990212026752975,14.090948490964045,6.292558581372074,10.165284224998338,8.805915376892969
W3,28.768901801684983,39.75375800160264,17.515818825422038,20.62979740569471,14.836780803968521,24.599953447618425,14.859198363303907,24.17837934756987,46.57112502398884,27.928568666331486,42.75477781342114,2.4264766895647782,18.969969665895825
W4,2.926406862519317,2.154759702379763,10.2981544038239,10.580805693565976,10.647589204838786,17.021045476850116,10.663612503509393,11.722391964740014,12.557247384478798,29.47307396803055,18.271561140198262,30.115602133694765,36.83562083262589
W5,6.984140829407737,6.413747802572195,6.862351291649259,12.764677889590514,8.368664110836313,9.294361651022612,7.530329757055734,5.619872251661803,7.545415064792655,12.720296601298267,7.089393062879251,6.557501067479923,4.967078265942682
W6,3.8094473934876563,4.587201183319736,2.390594731703816,4.730819489924516,1.7290773106631292,5.817726019674696,5.993127742256096,5.092768094072225,17.62446532167715,16.27042520956351,10.143164644108861,13.028935025405971,8.467630762793112
W7,39.277210440661285,33.86653974057577,9.569348116512366,47.12063161715895,64.12013839758126,46.118570125005014,36.93998384711338,40.00538709505264,102.02006215507323,70.5978769395724,24.29477219228445,40.86314994435695,41.07646842323483
W8,31.005320863925935,68.08855214443156,35.50915365613484,58.4254045632122,77.9173397686613,59.93107304958763,31.073245163645126,30.125891889286866,47.63530980926853,96.70348637587998,71.3280322418894,39.17512890533994,47.55290364425716
W9,53.133385471142454,72.20923929543223,28.748619060313477,17.67853909758902,36.72926010859716,13.49636681203496,54.7096331382779,13.961729848948025,62.023719063757895,80.35186613576552,49.59138945547904,49.30513799291104,46.837435434970104
W10,13.88584980294688,20.29086539554179,19.39174620489341,17.76526418674957,36.200062926395425,29.021295924286274,45.452718280923314,43.69574005981587,25.48115455096183,34.42808114025528,24.399094212183357,28.199219399657228,24.30287711362573
W11,3.2785894646173634,3.1431991561146706,1.6664213163993074,2.619144190379757,1.398515701109567,5.02490043023242,3.474781280347015,1.8261423866308917,2.444216028965122,4.737314526448507,4.644456119665683,5.376756344790984,2.3066250052837
W12,2.9229087609776885,1.580388480722408,2.5317366816081073,2.650529711208723,4.049324511569754,4.56256842414441,3.727279923080605,4.945952676178767,1.9805886751166233,4.649193747307166,4.047979696712921,5.702513667234844,4.644042352843032
W13,15.47822749865115,8.237672850993663,12.964812845737548,17.413554034860287,14.10587826492904,10.072520246939188,10.61672932215949,10.674285672821318,15.426035184064526,9.12172182211225,11.425054934222475,10.961067278098405,6.371500392372297
W14,10.738872246423213,10.209978807519567,5.316656350564722,7.751453637866959,5.748242916318042,8.826600301078516,7.903869028836427,4.112758001025492,7.5508463515689135,14.95840376260109,9.321125347832185,8.990657143668606,5.765950431195252
W15,49.466678946539304,50.76525646295894,28.510058755639484,45.06488504783985,25.556058496470037,35.785272307542805,21.23940904309734,26.76145261378772,36.534675415966106,63.45357965375159,85.50702743196022,107.77733618901526,40.57429211181635
W16,38.696025017112675,13.012341175783984,19.947926825236802,13.654532933242272,23.008831706542487,19.45667477692405,31.6256803128406,23.87961253349821,24.968793422990913,53.983002055045084,56.8604996328733,74.75695253453006,51.48690679192128
W17,44.408473994272725,29.52877346758555,31.77009737945407,15.310379240894072,30.53054679333452,36.217155810472086,54.650630714567434,45.187666735515435,60.11698439293193,78.39868358269841,61.24246892475865,75.74965164936393,66.74274005463077
W18,13.439179950800597,14.07771224755618,5.884040204230575,13.626789928299493,19.148447479495626,25.284485764495905,15.104166548505727,31.928751212660966,30.924481149649207,18.562425767528428,11.023832098004618,10.040367130986708,26.16244843520943
W19,2.8975074848911495,16.31508892099576,5.195015242999686,12.281945066845054,34.03013404139047,14.587890753121245,15.590399597989833,20.420969590105187,41.22329950252648,98.3615754086676,106.28862608306217,45.098613154951806,29.069024465485548
W20,12.651425695351485,16.157493277114494,15.120834323045726,9.62003100956541,26.62994811297983,24.84686633913821,16.02611089363233,16.041462709958843,16.34296011284373,11.896783667235372,38.72394168663627,22.90815707613802,27.071595111389165
W21,12.285440280063225,15.47455174229611,20.925217427185824,21.57706236376953,23.779249076137837,20.272436767690202,16.812456107749387,29.014069352212672,43.30032870111957,32.73813716065718,22.897909151274046,6.754354401051305,12.839378406877849
W22,59.07991437451492,41.252481793523515,35.24244758278012,20.67478788282969,51.26141922537839,45.71041548843106,36.064075230761205,18.469770680763798,19.07636470216476,36.71170170565512,12.484421357235783,29.871750973955347,16.442287755206177
W23,2.5162326621359825,2.3432313924898485,2.455339383364342,3.1671779558070203,3.2561790975006444,3.655763571574323,5.470589572089133,5.808419531701366,1.9983213830612656,4.376214793774397,6.890121808792597,4.554557382035067,4.231086602162588
W24,44.92782864216771,35.798458306539025,46.997764769986766,41.75887233271524,109.8482874826684,73.90281566016273,66.42437661826429,41.99475085799397,71.49636816213119,86.68515278004645,118.76535390213697,74.28480977797558,107.6145975129534
W25,21.193139293766727,12.469767554970682,23.746484818810607,27.572395314426338,28.59405546175641,42.720322486786046,19.956501565905853,19.45253400266916,50.91813821959717,54.843515121434265,51.22432702461781,36.17707798454705,48.91209020400778
W26,19.669049872197697,21.181475810245036,11.605765366833825,7.642364858144384,30.962108834832364,26.274606288677244,20.354257340296158,31.698837169129636,27.10153161723524,78.45371501082667,69.88129135541207,48.879642842138416,36.104126836485015
W27,13.662549647668296,23.11777066187385,4.037356266791423,13.48677399806939,5.830743005827066,18.90669007917573,16.654740289929475,15.219389655961937,17.136064480358357,57.67565347267409,71.68327128504254,29.036407570927235,17.476418361609436
W28,68.0023030924319,61.476053434447124,79.7220315690711,88.9979381011155,60.52234953614251,55.935001821310586,99.63677970696871,183.69251474883245,253.0141922402771,142.26340568115157,155.65360487433273,61.66645201708126,70.04155994657758
W29,4.906344177185319,7.056158108347596,6.64873072661243,13.283294228419047,10.098364854148425,14.84866986046224,15.701328315623446,15.758568700868768,9.709385006077872,14.006931690238204,28.59263915765727,11.850702231302542,12.608845315789258
W30,23.125904693114204,18.484753998227877,19.391899317111882,15.158056389260475,20.93682866684919,19.024498163552366,19.039776055668323,24.344520990358266,53.3354112527503,31.28229787355774,45.69794925923917,28.73281355871716,24.833891144462193
W31,12.210200778805815,10.11253906871318,6.664165289066603,7.269460545666329,11.40039778363013,12.544941794404657,12.613316856600413,18.426833650277565,24.31563452030397,24.624423795289125,18.547761478814596,20.952707143111596,16.10634003661291
W32,9.458062651780576,24.863210025055068,48.95920585931715,60.553020075385184,45.1357902985535,43.11664690551663,26.69810388164293,50.36020483352925,56.329316531225786,50.38252540936181,15.409087854249943,33.72504535393543,35.95056280331368
W33,8.005213395031998,14.437734054379854,14.404352454206357,21.400162811880655,7.36709811425091,20.137375893472278,25.300959831101288,34.20042427002924,33.160908367383385,27.718350110982488,16.99287367177791,24.824941510505067,24.150570107142332
W34,3.9536387195847342,8.641136296807288,8.149476616630034,12.273025997079952,13.29841589250392,8.676728091567687,19.635388769387756,12.191737837568528,10.330998179024123,9.892984351296606,10.916820897129364,13.51229318990668,14.746040697421092
W35,9.867518191014371,11.944424128018879,13.354984940088865,17.718749014109314,21.320921116358953,27.87771194655327,25.654704108116334,17.916011194599108,27.750040612582943,24.9846242417212,44.01217431291027,31.597779049721183,26.375842683220576
W36,119.35075340147652,43.43698121992355,57.88775485800101,86.65370556127418,133.98522922322482,84.36021700126183,107.99669306279742,184.4651658511709,101.41993473918191,80.91272280982801,42.50173275879444,64.70353226447544,102.10903700211816
W37,9.197231940915689,7.594123468182585,14.94931854634192,10.042586675005605,7.40502228220823,6.491063924735287,5.987648380207433,7.712067556758066,10.893911648255632,17.398347180838883,7.901868979867956,2.8265153679045567,13.719948082081196
W38,12.533179300361084,13.02962095093337,8.806850721171463,14.496301325683055,13.765287356245075,20.31700896724232,9.673782203719497,11.87255781203027,7.869674770916644,15.99506711849,9.483491860860207,1.6990588571324536,13.851832857062602
W39,18.610178454947906,10.29814302435168,17.012337409215608,26.41413333804453,22.89470063682868,20.210029048098985,19.391740229412214,22.75940079670392,7.132152655404908,15.960226921162342,15.227189592140599,7.224916150032678,23.91821402456712
W40,17.88661071514129,11.142306005715342,21.722310990085905,13.590154952206952,13.549180477984413,15.484626153866184,13.693366628590812,22.554973819537025,21.622650175799563,24.704096034362404,27.973816525458048,23.371334988079088,28.270373058645703
W41,9.79847789837802,7.274371682489199,19.991557061669873,18.961182821754463,15.174322130658668,8.342305661506298,23.941898817763025,8.545169490712299,23.653375776514128,13.963954476615875,12.917691889420592,20.604718567599978,21.643161627867496
W42,25.228308497103033,9.228680952606432,20.475507341089216,16.51865908979902,16.30740124529356,11.516682209950815,6.524985938682152,14.272770986217212,22.350589743337895,21.329526659070435,23.86596971893233,35.30154655252381,26.618176550526464
W43,20.42454233881378,14.15576637363738,12.346184648505773,10.155595483525088,18.714527321709202,15.441962723371711,13.079747622756175,10.079736417684733,12.01342882465264,14.296682709635824,16.854308221490268,11.790918814918484,27.597884368643026
W44,9.303703731579175,10.788727421480251,16.780204270955657,10.6701297848244,25.073855113444598,17.167162050700163,15.67756774024588,32.67360620592697,21.674900576473252,17.005350066229088,26.787291312766225,20.053730460315794,16.579349108906513
W45,5.443707410855147,5.111201632199633,14.014265754044986,11.68138089546779,14.815003467768804,10.918267278968733,8.743215033670412,10.548910115504821,11.764617439594014,13.63894847028167,17.931055591487077,12.542268769046585,12.029026030813995
W46,10.493887714998584,3.854875079039393,10.42412503522466,4.024470104871035,15.084106917547437,13.230462685597974,12.536381440631159,10.638828483437377,13.884930873972706,23.54120170838782,14.805198158079483,5.93814541755252,12.656887932070852
W47,10.210200891755289,10.856131199695415,9.621790373937754,5.758036698823626,18.10918690540794,7.305202786370809,18.860448241624542,19.70808868840401,6.463782706357075,20.521923694551653,13.86831443885671,16.82800245127147,20.534144476335133
W48,9.04842301868117,8.19350922224404,11.561640416696903,10.760367947937443,10.507225151056659,5.173747396713405,8.92048014402803,12.234845616108123,4.509253167099918,12.243277532997412,16.55824240370939,14.830297358785627,17.409568859538126
W49,8.683106817263054,6.19597436849116,9.673288046212598,11.044214135691188,13.755265319142328,9.976634734468364,10.501286272404851,11.150526360894329,17.19439389743058,13.2006096118702,8.377645514999989,8.846591151398444,15.53239010905907
W50,4.662311350070847,4.422379633749158,7.452105767835111,12.843413574669308,13.127800739270784,11.833278682385544,8.888891606944089,14.838620273630537,9.993428265615325,14.36185143009074,15.071080427427843,16.83520479902158,6.036291928825158
W51,6.814079881025748,17.74307809752861,19.558490061863097,12.357975476387729,16.893084039777897,24.81744143490609,7.975785133765948,14.451163590693726,16.66858897372516,9.422306166751492,22.15384015244314,28.56739722787143,19.487876680131087
W52,20.011448451449066,22.530281364754362,29.986463241769613,22.480093646935746,19.711918967340484,15.515510815793323,8.983342452839896,17.842758345474266,29.46221169354074,21.033149692806077,12.424520146669488,14.75903885336038,39.224821690162095
W53,4.517050129786059,5.0323960744360985,14.5375617238587,10.99002890123588,11.989356858272314,12.986316668901875,10.501612774950337,8.97452259872354,10.490990867167886,14.798918879431692,8.886744763972903,14.635619507728368,15.850149171222352
W54,6.400260326736779,5.129155352004826,5.6745153207124455,7.6401158613597,8.150831897726828,6.291275874176975,10.697063049033684,10.038799187402853,5.158759565050485,5.118943152643922,4.749774034098818,4.423931834352813,18.183833795434936
W55,19.83200813079698,18.76440024687713,28.873292124816743,10.959952144055974,16.625007142855438,36.23291279175601,32.34125299636671,31.30766797048283,11.99838743331795,33.83268939206588,27.41789920152521,18.642020360599254,30.775435855971292
W56,24.124759708647808,22.45931774063939,13.70533743200067,36.51212242701043,27.838767849439634,16.449828543939272,19.69948114798964,24.0519799938592,36.289854751362576,31.62356786678262,38.43129841515889,63.36559648874923,30.21011535893231
W57,11.147450588587528,8.6167494958946,11.191520004003042,5.25693319579008,7.191832111847427,7.674395684677751,14.336549563092223,13.814275641523826,12.722959772592205,8.545901013058833,10.905074753297212,4.271392264238934,12.710228543381925
W58,9.153796637188274,19.51553600019734,15.851451104709717,14.585816912329548,24.205590426077244,28.47912367419326,20.511869499755583,17.011523476749627,22.55780374393755,16.661485066613874,7.526705471187285,8.310340117889238,14.845388943203819
W59,11.254341356783184,18.54929511800915,28.768326582806342,10.334406447638761,22.81195579624854,32.78246182793468,34.37602462109321,40.84891296289289,43.33430908068102,23.4513811746771,29.940347052514337,36.440933174453555,26.392554364346786
W60,28.707846135681972,39.138066688647385,18.443483662936202,23.60939421872153,37.27504488092538,15.922017624974302,23.00096059950566,40.303101436180086,29.106577944255577,22.23750281899949,14.70089005383678,23.077058851812176,35.24430078573
W61,48.89550489053136,48.46061377551854,32.427778022861276,46.14991495116744,61.44176338208405,50.48341336518366,44.23091254993509,52.783588476911994,32.84658905426857,37.472783456797394,57.74871080812149,55.38711774862432,46.07725306482543
W62,14.883377821415333,15.323340297565714,21.295177364839986,34.849452411408,29.367592678835535,27.877201287521864,28.682659907599252,21.810324083447213,26.11488269885603,8.55152656693538,39.80418992078597,30.05125785013014,17.55330402303238
W63,8.840085640139407,11.670584293427643,12.403902536097046,16.22185247975721,9.177148433745645,13.837368779865509,22.68927274616786,21.971711577048154,26.371374952303775,22.554544539294017,19.586919768049363,31.052793306319508,35.4075942507395
W64,20.002730126160692,17.969200037842363,29.562226742923112,27.581927280377155,71.30851912639902,69.42901122729576,27.130481473796657,19.01951629248231,76.2126775051239,42.32643131070714,33.6594494533113,22.792957245605677,29.84510051918022
W65,29.85683192336376,44.74851631618659,82.88216537651492,69.55402603372455,72.3485052540835,33.83099023085163,91.64420044388955,79.41252246969569,37.843258976996296,68.9534632016402,78.84512247120941,62.09558287430787,135.34644588056253
W66,19.50007342293867,25.623074920372073,33.90295864301521,22.79883579264522,24.353611595613526,32.1030305676116,26.719266356413865,13.955311233541185,16.899548596042596,27.904384574829667,22.497855583921606,27.624024512188736,39.52011479455748
W67,54.45626490588562,29.856857461896542,52.20049365188015,29.947838611492415,34.19606464931286,48.20980540823597,52.06991969938117,51.81242889018079,52.448471974881684,18.52570747636896,58.9529899581015,51.188700291177355,41.312848636955785
W68,8.137892671017271,9.95673076365925,13.55584024046465,10.248439057973814,34.159419963606055,24.898682801505586,32.7794244191382,31.442237187818005,30.907650606281933,36.381290474981725,33.9479590568415,27.34565944075955,28.042551178967308
W69,26.14670305459165,22.78089288471806,23.639661580170756,13.083481699265084,13.408023190425974,16.928514653536286,17.31179789912059,17.745052490060342,20.69578514758517,19.15253914954896,25.643328476915713,16.067931836425036,17.525556310714084
W70,5.787328690769202,7.945368831904541,4.433433911766462,11.238569109321645,10.393891914244602,2.239292773399752,4.632020860272502,3.344071096732351,7.10900153854255,8.42394141717518,8.455450475876614,11.842045246704606,4.739195316717765
W71,3.4397968144935565,3.670443008003254,8.99605592051316,4.8780431143031135,5.0510771499749625,6.892375978209598,3.546224101068633,3.854453317268216,4.64935429656632,9.539650969768209,8.659613299680279,7.31102711662319,13.748887782289906
W72,5.386226496815741,4.7212274357416595,5.953251559022213,7.422046845378962,5.610390282770024,9.188693711567492,12.348026476931427,9.114249543983313,7.782588916934986,6.253514142064468,6.796258943345216,9.666630339730572,7.41487371773788
W73,3.7494038192758166,4.44165809411304,1.39895505646178,4.075697977034057,5.098072221438201,5.4824568853754165,8.669213141917822,4.161322100606961,6.116929305215124,7.7870499227884595,2.8516925237479356,5.16305781489997,1.9289794905597664
W74,25.519798106078337,45.87851389539558,13.759222011981537,16.361355594051425,21.03462918023506,52.27087273879208,46.540112875883686,23.2723779672384,19.51061069649023,25.351064864222014,35.398219423793186,48.921282808456965,34.90783308048499
W75,80.39203031084607,48.38989757686967,84.42077299160346,67.80056535531263,92.92745167602591,119.84682661631051,76.15189877803397,96.16509417402884,107.98026688937192,67.04985020490453,70.3514442815497,102.23132274405882,221.7431548267048
W76,7.182903563932199,8.581539592928518,4.496407717139333,5.49615385144465,3.970568342032419,5.377356842236711,5.881001505589848,4.400850975521656,3.3125686885331316,5.802547408466395,8.864098758827648,8.055080055700891,10.367803937370255
W77,44.893870771799136,85.50956697718097,67.1221387257959,45.27501070264909,63.613101202700406,71.56867983360455,89.34411405347308,98.25890581010965,74.58915976450596,63.934992441541716,94.30394561403557,49.82587383453519,45.84734534027006
W78,32.59466301597543,51.404765440569754,14.627495248674691,18.521815438152956,37.98809821509899,55.33677351341521,77.99343337182286,86.70302205445338,71.23081604719958,60.696838527636835,71.45340712047962,78.07644144282581,40.22523144433114
W79,3.7667067512616694,4.067091359313235,5.052980222106543,6.825649328085965,13.778445657983388,14.027379174314792,15.082091561683335,16.448449459599544,14.178743927971862,8.620527731815491,13.13960656279329,11.024375622909506,15.371301010324427
W80,4.6327944725618275,4.129384745334416,7.292734029498101,12.657021899917861,14.473832604047836,11.869340667240168,14.171366919778755,16.41510717296719,17.59154771118792,15.360706302934128,17.727318279283008,17.51488016302137,17.839327278515835
W81,101.95823703850436,96.9233396814204,133.99985923500154,198.69648534259377,139.51406170167934,106.98742992753874,106.53505778615758,158.3105724517466,120.12683671852899,115.17590340431461,207.94971973412177,221.3676642771023,107.67858642738568
W82,9.695448719631315,7.13881133312824,8.983830008687871,8.820770530401614,16.206192751537802,10.879994841451248,15.781048293760522,9.188826788551287,14.333713392732651,10.873233862333567,9.54814047341147,15.573156251222834,9.080387815231232
W83,10.551500870729122,11.955811285730238,17.450301329776472,12.381430248561932,23.676010282034422,23.54804340332748,11.661942805553252,20.253574335780765,6.654365691033234,15.098127677795222,21.182655531707937,17.3015609411404,24.006117613537764
W84,24.424892904064077,5.642917552118022,24.907627215373353,22.793260407409836,18.385021644670424,21.33400113375371,28.600013096587894,28.278205061495477,23.634346889114344,11.230966242937553,17.33178604472142,17.132011458815953,24.894779051037954
W85,57.06555583274386,76.30810433695791,52.81954219320713,36.16093420391649,33.75355777544086,60.617400245308374,44.179840991112215,31.707874219190284,54.25382210038351,27.466029700340442,80.83654982432182,58.13751714684729,44.85321657919266
W86,52.63140067963192,36.794879399176686,22.680914333421466,37.95177252118821,20.420662636163687,26.84837681313333,72.66679503046815,81.2992004880736,88.49858226265518,57.69502285726224,74.3978879068485,110.77298141920726,77.79614892460988
W87,2.1284231839556162,1.6200080246715265,2.220888701623778,2.8131689648863865,3.4472568442169074,1.9236005302557106,3.592977751809769,3.245325965908475,3.563423073394465,1.3359761412540323,3.3683221342383516,3.1623724677842593,3.778538110169062
W88,30.754129194304987,19.98052270337252,18.632545451440585,20.35622846943933,53.746722923356295,22.98203564743586,29.185499824399116,25.399237931481636,38.03363429255727,27.59756895996437,40.47414498788104,45.15407332124083,83.64655536840726
W89,3.1090810941498446,2.2499010256009058,4.944254430649756,4.338920012514684,4.0321088309965045,2.7302344221696253,2.8395347770365293,6.1562847257904005,8.348621121179237,6.334848242065519,6.987054565408769,5.355280594889484,5.882762499455498
W90,4.873898696115889,8.068177280216341,2.346299693133833,3.7867270168313056,4.369916089011291,6.275807687063073,6.25805269233166,9.546989394568273,5.3900259507724355,7.918812513565382,7.737101160964643,8.344744551213031,4.6739104345291205
W91,43.21080261346705,52.58478962589862,40.01991894669473,32.74108790953624,58.15757012203954,60.11508494130314,34.447613669164085,53.39782497911281,41.721940121476095,60.21185908938517,67.44474562558638,41.43532565939385,46.04469133352955
W92,39.509256352151624,70.94420096103651,114.85851758794344,134.98201676519727,125.08663487759245,66.13568987317005,122.19384257195608,90.51687736273169,85.71738825932586,91.59562093790304,143.70729526541092,112.24686176013985,76.83615823621064
W93,3.4367590474165866,5.711010582637758,2.8927989905971607,5.9365301628982134,8.248562124697886,2.739302078084804,4.3952254208402035,3.2221234652011983,2.7324659878944324,2.1075742276370657,2.170805668409779,5.01837538452437,7.51904836897595
W94,6.078025512039231,9.629384436452785,9.84663100380028,9.044843869575686,7.660193249846918,4.051384747836204,5.814885660956711,7.822111791262,6.025420265425422,9.328088282172324,9.388109633999843,4.865579127914724,9.875559813246037
W95,7.537027912247643,3.0755215614591602,3.5910251495917347,4.324524641506885,4.100274152419579,5.471719188244233,3.511790106199372,3.881872904926217,6.747076774426082,12.792042707284855,9.202128592070423,4.502924119391798,9.409606274972429
W96,40.08666502092677,36.2388374192662,37.09845347180904,22.510348175894396,29.631485155152003,34.04982378809045,16.821027391333796,37.547082443246794,34.07857336362534,12.945519012384246,18.224397452316243,39.19101826311723,48.22891015770571
W97,1.7051983854525516,2.7972747038412207,2.2832716047921195,3.0960443276461582,2.1709295742262125,2.4344105017950586,2.019672641172336,1.3488031305568617,1.922180464992816,2.5406845054531755,1.324039962104621,1.7777871912858285,3.6578035285878934
W98,1.2352597449524663,1.107275127847647,1.307097264934773,2.7199447046309646,1.9616861905003926,1.287528518130781,1.775349630002493,3.543415505906703,5.149430888214743,4.371573024238545,2.007989052198713,4.485219487104293,2.6699159134699424
W99,51.81261513859331,48.45119554768463,33.231249036110185,24.918965417929687,31.60014497593323,46.810401221309554,32.33055056753608,65.94021515736793,42.84693294157696,33.827069781463436,49.62432468054303,41.71851807051642,27.722295404601855
W100,28.822231436861344,23.75600055775354,12.80487553629448,13.817044727437466,13.156394832931964,19.492731016971167,48.97457184600973,24.923779558887446,40.702436505693335,20.491289917913885,16.307876547852445,16.999758454166187,17.352726010630462
W101,30.45675774150949,15.473446206324066,4.6115057600531815,24.420592944275505,36.73541380092265,18.53778599914248,35.892178566506644,33.07250572038654,21.781033013266224,26.68255290213074,10.332352243075997,17.20411700364155,14.898559884263731
W102,54.197245432771204,52.54615209508664,18.454317922914395,49.12587683695855,37.58081541824228,38.54668889801052,50.23653239924075,37.17297792079593,42.257979571910155,38.179479599648324,56.59511518231914,62.61417650979678,58.901539453566315
W103,7.850194050149411,13.01422614391646,15.155128434790585,8.741766318942613,12.270569072989332,13.221785776701973,11.693286038364008,17.685125307020073,21.272811118303313,23.09746006057833,31.504875045379986,19.81271711237504,14.377960034372062
W104,1.567994858091037,1.0689529339498631,3.4799088529729754,2.871576048096216,1.334124244588859,1.9549661761779458,1.3877635785680393,1.4443751676763592,1.9706203655194587,1.6836829793640324,2.445982496871156,1.5204811327339889,2.205235446613338
W105,30.137386837199415,32.3026012071779,31.38637343059903,36.203053293196305,55.29348759912853,47.35994723656297,48.55821288412505,30.146512364616918,42.271357644686596,37.458363747299636,14.90079166520999,22.521172893524007,20.559690394677627
W106,4.915859856118827,5.655608576890636,3.616849578707918,4.792351367022233,3.988646653314829,4.667818481367996,3.921400180420286,3.3826233717338265,4.586081088467573,6.0847684836811915,3.2423599237283343,5.942584959426442,4.811763099426257
W107,99.15610716188972,52.53951548596534,61.66860100569867,72.50701629842413,105.00326500876088,58.49279784725731,67.57532695074404,88.21656675477585,89.7109959118732,44.82505061346893,51.46610012911348,73.45973429369275,86.5212608986946
W108,37.16939214595806,45.035869731804276,17.81378574307001,34.146082864656364,38.29615630190582,55.97160183968312,25.41157290487955,32.38506117795684,49.273723093551084,45.94119175641822,37.413423727320364,19.135712032741594,33.82641940850343
W109,35.76016428933146,30.624388769410466,38.54421535717156,39.006636134124896,21.61721160325694,57.27774240488154,45.424068922764036,47.54269699438619,36.72277171592578,43.747570361106604,43.809561599039164,40.3609430638089,25.373279498322486
W110,14.217690859453851,15.282065313628328,24.946543154814076,29.481340747157475,15.679263794100665,16.145221324744977,21.68519641368287,12.001010962623106,25.363167531875977,22.3018736796933,12.694130395580455,27.036465197488504,26.952281972033447
W111,2.32227886460694,2.346884717023808,2.5365315393269237,2.4339244287775044,0.9551581675303893,3.4760605036449443,3.3028685827625734,3.0100301701145673,2.094686074331887,2.8811023281029544,2.7741195224791957,3.089804949345482,3.0208857765562245
W112,30.85306277746184,18.890789845848055,33.01258563601188,33.95249706391266,20.32258590521885,49.451672684046144,25.015365223198128,28.198765081560065,49.73607714727834,10.355868070808954,20.9888957903935,32.33411723319514,47.35445449347932
W113,1.1128053805585052,1.7606143796271707,1.0177133357434147,2.65854267480325,4.58223823925058,2.167448918659893,2.2671502803629995,4.053490808087545,4.078133019838841,3.146160817567992,3.9455514772969558,2.126486150025416,1.9922405157259653
W114,25.46455428630183,17.62731651443295,34.76131704208032,37.20054216674818,56.467102922852675,37.70314559158117,17.3815858022219,32.72190302381548,45.18791638812322,30.058900096311145,43.1177783808489,73.83130205068886,71.59013304918477
W115,29.769067838949866,26.641439056477022,24.551698770146437,30.950170233780817,28.7092761577158,29.95437405455178,13.38623266643798,37.97728597464546,49.58602915640637,30.030046411885735,31.87709757804185,42.251597898777774,46.32894707955313
W116,43.66737297456774,20.291982714855447,17.76785123474424,40.24400576483371,23.26070103199836,37.25334766836351,42.637581281072165,63.3344261638173,35.33535764641404,30.940544799663705,19.361216064596675,71.23501877587996,63.92774994085086
W117,13.952427172359597,14.256131715861663,10.92631593905281,13.858064935264204,9.920496629453583,20.034569898053665,12.521219224779959,9.430534005293627,10.785345711890868,19.8436863636776,23.469069932572793,21.751074849878062,23.988002555965217
W118,3.7989928270529387,5.497247856882526,4.480250313877595,3.618371819617239,3.987222827357368,4.367913231738909,5.748449791030607,3.8748407709220167,5.534581702802848,5.367009211376449,6.50560030858029,7.652341243044452,7.1421001200627146
W119,5.107578429769792,3.039035549520593,2.4424694151104673,4.6221270175375135,4.112085202181503,5.482707862794586,4.096336442481315,4.691527228419347,7.672324121069851,3.742807203156459,3.5327982812849408,4.226223072230078,3.805540318404206
W120,4.358639766744905,2.7289981121741675,4.052540124261555,4.381272440313398,3.003391573080367,3.302661453661262,3.6058954579618607,3.125568231338109,3.481449278856423,3.611967253969752,6.761508373876361,5.505853287070956,1.907364243203165
W121,21.166727132459595,25.718296502684197,33.05523275519316,23.279264646890933,24.881530549787307,19.067381506121645,34.63550959636686,27.97053427269464,16.494827977277705,24.939676471438315,35.57498102599649,25.306391238182997,37.903022306934474
W122,1.0522086906835457,0.893242686088169,1.5112584863285394,1.1079497156911156,1.1509601144262163,1.5555686629011223,1.1807270233843248,2.679535499158384,2.900530209720292,2.1639791553986845,2.4045624290086436,2.0384353644400877,1.1805838296156705
W123,1.4658077009792376,1.848423795764928,0.9505668604837859,1.060079753485549,0.9894088114879516,2.7453321793546186,2.7335004488293118,4.529498977812014,4.022289411361383,2.5733037075421143,3.1956524992949524,3.7725912252058325,3.2925605163383027
W124,17.731448005591727,26.40598271935691,34.70378431633905,17.062945726778416,11.863324260088337,16.88137335941607,26.5519305042026,29.194048083470694,18.69139443366933,26.66660583013871,18.162888409473673,30.878728934737296,26.16850178888718
W125,13.28840095722561,27.624150891928124,23.745752778128644,36.36994861833072,14.421198805924245,13.623702690531491,14.300854432515552,35.1846935825799,33.43680924520161,26.09043359164396,34.10913514001798,45.728624377953906,38.851005456744616
W126,29.513562778407206,19.38275105602879,9.607089602215506,35.48601248555572,22.961532595299314,18.81007778426205,8.667898764983164,27.133042648678263,37.154213509372134,34.808563784649415,25.959026014567865,27.135894199381564,12.653564902824561
W127,29.01567787421122,14.278943413292255,23.886174086696734,37.81430400655262,23.695962208781,32.99621853334112,40.85103777751583,41.83709672646969,38.383668727728725,40.1400727141845,55.515673124803214,33.40553247592389,51.09714192105088
W128,8.444828535855567,12.757740748267258,5.549990799541865,5.475633433676925,9.295663249601908,9.5874447977549,10.798650598570209,4.451822660439251,7.947307185455997,10.774942760868816,8.150771397542721,4.875250339726189,15.443704044852751
W129,1.9094080234460078,1.3733627525166285,1.242253999792315,1.8570389737428898,2.2093015745931686,3.423635366828632,3.097367624693545,2.2522443806124035,3.4401673287792502,5.137171224273118,4.37697462181359,4.240369043786142,3.9134210577191877
W130,20.814343242701494,13.509006009880734,13.529472158033284,15.789060057520865,25.179657811416135,38.44046264679975,31.02129812322469,37.813486560683664,27.86360411002164,32.20437517248206,31.904837636712784,20.623360428771,18.415614899454543
W131,5.784522430590123,5.919260754097611,3.0288346975363476,9.287714378414178,6.063152470043915,6.766547374769417,4.317694364472743,2.4550759153230866,7.947595878628932,10.554050365854756,13.376942116006882,9.056731460631973,6.762784670533207
W132,72.6933514841625,30.142264140240147,82.56724706262139,53.751318821030445,43.59363241919582,65.68030745588858,100.00894353756543,143.0846264890113,62.61694938273476,66.4462699291681,111.4979342297422,119.48979496174518,47.37679508472448
W133,19.947420572595497,55.346954749109706,29.62106788250557,37.2965209503519,21.165701323131362,68.11527793013869,58.008427943704845,35.26493531115616,52.830970675353235,36.25541304412341,57.002021565028784,51.212433426854794,61.97690275417128
W134,50.69896202093283,22.03031207223377,24.220353527560288,38.18845424339654,54.980704910904585,40.31571839865973,37.0349981436479,62.16667264298458,26.026424072469396,35.308112028257206,22.487973174565916,46.91150485222175,73.58584128417628
W135,16.889395685606864,12.485290530260038,18.346469050610203,24.60278144082509,19.024186897867573,28.733880485413245,44.69190465285616,43.98865799413526,39.6514012000206,43.15269950999591,42.60127185307966,28.00761587943523,34.648946046380594
W136,16.884540610422487,6.846151637964172,4.2121567070802515,24.88106291188157,27.041811745887458,18.149574502588283,20.389523529253992,14.718031640643915,9.761197787669316,24.420546502893895,32.77314923645581,21.513864125837696,16.29858474684243
W137,20.49781310896366,17.232247669703607,15.40414227164238,14.198055315781957,27.749132925643007,20.898528781950237,18.42059227128718,21.79666953630761,26.189628751186984,42.380157957468924,32.06516148797652,21.451309496741516,19.789127608361365
W138,1.1193446994782132,1.2231591101528805,1.7095246239817568,0.9836082216766828,2.8330506816857293,1.7546560692198323,1.197075864346107,3.2024258133483765,2.77768970144255,2.1219841251762563,1.7320007098006565,1.6980265192275286,1.8382060283058603
W139,21.111721764815844,22.523485784287395,23.61552247198838,20.623158987531426,16.51044609860681,18.213615501184968,18.37106152349391,15.700717507489777,12.280318425228243,17.278791960811535,30.184661487666297,25.436618898745053,22.50638922617306
W140,30.16446809368558,20.65156153902196,37.12156572836043,25.0288284359256,30.918076868557083,13.569118187082307,37.43737375103932,51.85021281658378,28.430325398243497,42.98125436164001,39.08328068848593,30.98723194115602,25.713826040187016
W141,20.606123786389265,17.936538475971354,17.003436417383558,30.900852536782892,63.56469981444089,52.713418595268486,25.77741065351625,24.071302156302263,34.31411207506347,58.77069763070733,22.41965850542807,28.56062783798719,52.07237331349508
W142,15.589965330301297,9.92182127938219,12.174651524787173,11.016084223761307,16.536949809441737,14.404791572598201,14.209776946701211,14.188036258587656,11.169369593893663,8.830405660274025,26.36832157153721,11.872639065304549,9.269941160816657
W143,30.982045808822864,17.66565700731242,37.23655680242201,46.949843849580695,28.937312202414276,43.13788039530954,32.637494733818166,66.06770977565348,48.21852185623293,16.379601261935502,36.343690649135254,50.361055762364714,68.99659167306754
W144,2.3114921200925607,3.2611361264136156,2.3819474666226577,4.6702097523826485,3.5509830642372933,3.145944591454211,4.472666604219467,4.960517422608258,6.235208490599976,3.910932092705011,4.6556540658912855,4.859245553581343,5.446971152048622
W145,36.11337436982301,26.76225876350847,33.6682684753016,20.141832075930953,10.38177160339224,24.076937050837664,23.438743812329186,24.17908431630524,22.562317331670787,28.802274302561607,43.60411752776354,29.158202105068224,29.433235652914366
W146,11.745996434956052,13.87664813184354,14.770194848918061,17.997709201451435,22.36872548336166,15.63596872198835,24.0470266743107,18.80527616122673,11.34551383256823,15.207418185708017,26.7038397332667,16.839413840748755,9.61592309011473
W147,0.803322832054462,1.023638150178078,0.7954603949914762,0.6273255365039765,0.8466603008290875,0.5641826189275955,0.5172673535029998,0.4603962803933135,0.3374250713121342,0.645928273881861,0.6973775985791347,0.45707414879863983,0.9523015593812714
W148,1.3653780644019362,0.8276914959693596,1.3117963623405904,1.4957401115334228,1.4226084844397697,1.2091448305517416,0.8955191978679202,0.9883678951938847,1.0350967545355336,1.1589128806773987,1.079220537587198,0.7889010259531988,1.1019766399520394
W149,9.688597531376704,9.898613602418974,11.906042384016708,7.498550484927109,7.523590416151117,12.491754515479416,3.599276802359022,11.1409279517014,12.659115080644417,14.804343268953117,10.611321236066777,11.298051452573635,12.246573592233784
W150,15.952830869472603,27.305949415832444,25.3095221013751,23.307443052059643,17.124303807016435,15.497009320349564,13.824608620138404,20.37704245897802,26.355140615731855,23.224823780278776,14.811132574013273,29.406061541372647,48.48167051448385
W151,15.799067583246762,14.530297067679074,10.607260526403609,10.511446784339565,21.844462064216568,17.08188752743693,14.893196126923275,12.965111969242736,25.754693302872035,20.67082148827189,23.535918714807007,21.1308735562447,17.676851229079276
W152,25.39440684727636,13.369367211091072,29.359230171276444,13.305306309890236,25.74908225791755,11.54030042936482,13.794858408117538,30.364251242208848,17.289208259779056,41.18538416416679,17.612410443349496,19.00295467815443,38.17501410445102
W153,9.625799252529642,7.020142867135918,5.009600657737124,8.575069117797199,12.28677526855616,12.480452681092903,8.292894790120014,10.311049394945243,9.636931241323694,8.224707046454458,17.747418062213928,12.384928173994286,9.87213710399129
W154,14.73454477579798,25.474022437082766,15.740953584519492,24.958043475501228,27.89935564444111,34.125333207164104,36.677413565776035,40.153604044344384,27.764198604047053,13.141753417067696,18.636683459644654,26.780582186539878,35.60862524901786
W155,13.445621815297338,13.00664084227752,15.910380169090997,5.57353066960257,11.14742067699989,11.377560277800944,9.019702253954918,14.522061419612674,12.302962966293745,17.414398844777864,19.897581536458045,23.55732646916877,34.468736809607805
W156,13.19428445388386,11.771282374915717,13.29662817691019,11.169977467524218,7.7423048893725275,14.425334866130367,8.753725792483952,11.620448237912214,11.806129356186045,11.022077515151208,24.50638570607668,8.206292501794028,20.18872213947687
W157,4.347843459693544,3.322025869104544,4.426360567667256,2.8293247427611066,2.6906665531053444,2.4291512663891957,3.485042862003281,6.250136718504591,4.491932587984823,3.5445403087001255,5.512772476259138,2.6512722653472878,5.585502137229937
W158,22.94192886398152,44.45287856258579,29.31551274496098,48.67298557721722,34.81584535093146,52.172024711525644,14.433527375524326,37.65293697044094,76.62084434081855,21.22004270730787,54.22153781017238,82.6175430069186,46.20376093999235
W159,31.169111863750725,30.252343436087568,24.352043348557142,14.820210027189667,23.886816769401953,37.9258683733808,40.04427308773394,29.953053982440462,51.26916033543009,58.360362808373615,19.71624672066117,26.20623023967783,36.39368521289124
W160,7.1674877310673235,7.204408823769069,16.488905891538113,26.446328875668033,18.510908186121046,14.480067713930076,30.193438780221996,23.951019453772645,15.429421238335571,18.857240552371287,13.110702703326112,33.76876979362716,32.074758987792684
W161,48.63329852066405,22.485943386925193,25.199854910296846,26.36607360795296,32.34236830382099,31.54902771877459,45.41535904845435,55.93099297348461,31.866146417476333,25.91130375917083,32.74548098593176,32.77922875084193,45.59868994828669
W162,7.475080033016489,6.633512691251918,17.70949758251216,13.015074490758813,12.395613145383367,10.719673065210433,10.673697970946964,15.734397243777874,13.614554450109683,9.430687819559996,16.62757642442218,16.077476741547553,20.70664697627305
W163,9.21576330940641,5.0737445245104515,7.652130732678227,9.445996817435477,11.757206502821935,16.216270058956216,15.352484257441825,12.488619604463796,10.280169575449651,11.281132218221744,11.464058689007068,16.47120331062677,10.695540846539721
W164,46.41706003723164,49.0002918358657,52.226417525042145,53.18888946481198,60.06127943608846,107.26586188065663,91.60887750376595,90.7046689123556,44.9400076490872,52.99476330261341,83.8879636032495,88.77508356796999,53.36490501724818
W165,11.004358653506312,4.93020900926122,13.394789402039907,12.632972245279479,16.563362675646452,12.685010282810191,9.49801054826757,13.853141669852318,10.510724088995952,13.34110049808491,17.626997166987994,13.640875100227253,19.955260969854614
W166,8.334122516798052,4.244514916336167,4.882865257714965,9.464786005240697,7.086170748366127,7.223441587982906,9.652435528145237,7.211120691335047,9.385964554855299,5.819965796720737,9.657719244210822,8.48693203548844,13.844792531850958
W167,8.131277328931736,4.6065535924376615,4.087241964332333,8.779247960389249,3.2837740863221603,8.010136133362629,10.255510579683428,6.071733020728069,9.236686046683609,7.686983942028235,14.012299427645697,14.205650451492907,20.042220647922207
W168,5.128504923464532,14.682393950749358,8.671480179300369,5.443770717526637,6.8388030568221625,7.390959790514347,17.24736569378051,14.369894310676058,5.743920427286474,21.662423187977108,13.196684891479332,8.904648364758724,16.575033717914355
W169,2.992202512364399,4.893984317506514,2.500113947403229,2.356291896179211,4.0206839436842285,2.9435952294770944,5.55166951240792,5.870355792028303,4.24376333576693,3.4971192251623155,6.052426145770013,3.516417441800705,7.095106834995509
W170,6.099850869078716,9.885509300233215,6.1142736997128,4.225115205529876,5.706569821267362,3.674122990592458,9.873149870988492,12.534681697195126,11.96094120982961,3.4006462988673314,9.255072143154853,16.08380107048696,11.923507857379931
W171,10.15848300067484,10.273445034407763,18.598069987232485,11.491325712249362,16.22775996171376,20.845462000157365,15.840845108452976,15.420530722060054,10.321451375654409,12.484884595982408,17.010091956688495,18.23743600742712,34.167326274527476
W172,4.1735045675067,10.08749026021837,12.335092789476652,14.567940494455662,17.170783270573377,9.668208294456711,10.462797349418546,11.172639476641082,8.070364482165683,11.3000147953443,10.701684534455255,3.683243526431568,6.940857583901334
W173,13.212287713526365,15.026756399003729,7.530761482081275,9.532781578584528,12.805082277166358,5.1249245970062525,16.62795640254686,18.075417775254845,9.423462772516158,16.44121525693887,13.483995962807086,5.9405835887562946,26.158678029479944
W174,7.047718451740203,6.345604315193296,5.419474340284258,2.502892501686758,10.584241133638308,3.25665948480962,2.919664000360293,6.52420065027118,5.475631093764493,4.3384721965225665,6.385822108389793,5.39257935732046,7.785250172602078
W175,4.403254307895473,6.327601391917797,10.019848158779592,17.690456371303792,10.926560374838978,7.85883008150701,6.055081873930365,6.3473339678955405,12.52606915596432,7.813344258382594,8.761966795474676,6.72104857890495,5.775989200994115
W176,7.771004745205031,9.860032974082829,7.079030274338403,2.0523916841090624,8.091489410176576,5.281306206801475,7.555481801314927,4.833265821367533,2.683637992539234,7.2233987585485435,6.747454473725714,5.838352967661299,5.2579933196990085
W177,25.851098876546814,16.831337966721513,19.547509761475936,25.888701473808837,10.907945257930008,17.178594609280395,23.538869418474796,24.450221144194117,18.133702348803354,27.714685597170266,24.300891488276804,25.900128457693025,18.484683632672972
W178,5.858524611623661,2.692937452857039,4.037928351890407,1.9086653714048372,2.376405452569019,2.4831017145900103,3.195150915841052,3.94002407987563,3.8679734357929854,2.4811860319209704,3.3357544498958487,3.1371677712548243,2.4815162955338455
W179,5.552312671310828,5.517236989653472,7.2038615078997505,9.536594432762687,4.229251958089047,10.83135454363863,8.516129050219996,6.776033804889111,9.837310843162356,7.426016824314295,7.894943421266598,6.296649773887667,7.1109703275995155
W180,21.56840146197679,30.103155135716378,23.166485337120204,26.918520715299486,20.192301757105266,22.180296399620087,40.52735174391489,28.70302612966098,28.528921833816263,37.507405248830494,41.63065747288906,41.06240979746547,24.281122688211845
W181,11.749853030995943,7.557405143301247,9.740711107254704,18.334225058616568,21.91134671237707,27.017660319224742,33.05978452553815,35.48443950698668,27.529225760998138,27.921780062793413,43.13994531898519,9.64527277348858,24.56409253107063
W182,3.020807570005098,3.531723499228112,3.61283453468328,2.1396474008583937,4.36008891824469,5.136245017033403,4.158002570345516,5.673515962346444,2.212365193633246,4.983381294362255,6.045561471029835,4.546195483588451,5.231086920994547
W183,8.773146014971006,15.691716656408296,30.525028067145026,18.477870304772534,16.79979630828901,5.8361983559507875,14.621642020477646,10.08883607632713,12.668259169080729,12.43324501588403,9.932067024290555,21.382175967964482,23.723258584667285
W184,6.986856249415694,8.853452455115779,3.838337286508333,19.212631466694017,10.751305356792956,9.762271028044546,14.69523555867687,17.998911189291306,11.541598134573947,9.991587567798948,14.076268357594088,23.4892184656067,9.055582276971256
W185,19.58248837609754,7.196571431938975,7.748569408284336,8.434664782906376,16.229140392362243,14.524658958990996,14.92656416845473,7.970313042785875,7.388510320084718,11.672480520437695,4.739253989290117,12.681794022337774,12.632525578838084
W186,1.6526912899873736,2.167553430714017,4.386248439726186,3.0451963811878597,2.499442737891826,5.926548299811579,5.023806910600755,6.389243920449388,5.8412420233200395,5.0543148398175495,3.547380952900257,3.01864947037581,7.087849788546609
W187,1.9855136624435656,2.426467565464255,1.731395335776911,0.7752769682507046,1.7735418612905343,1.6043799086407327,3.3750337427942947,2.279121093755242,2.300233026782305,3.4745657903182825,3.872941057355522,3.0696007069324187,3.731814857244413
W188,6.7892439104070474,6.325106244166991,4.974521358884792,6.93850734128014,10.961740863111103,10.33397774334753,6.209576807238974,9.983273461144893,11.688763514589587,15.178339467807378,11.874564376220276,10.998491959127877,13.818140870790135
W189,5.727605444249707,5.5305229409161285,3.9083982492832012,6.252557246839135,6.649137425260543,3.9571445355205634,6.850007144156838,5.312943804991712,7.673476151653813,3.5638443603782624,6.007116612818487,10.552373891689026,5.809722884957561
W190,0.8748290990244857,0.7707131818971263,0.66341385838706,1.0178558947611394,1.2012039455271453,0.9198458315119944,1.1171114436348784,0.4716156181150171,0.8981649625764717,1.483541474394977,1.4492148111132432,1.8825285522403004,2.027492452205437
W191,34.04559448739313,26.387507508288888,18.455130360552918,29.722244273018624,24.974310596090607,20.719098547595955,14.745294283261858,24.66635818782335,23.94528130707603,19.882162932513186,34.811021507203584,26.576187866208443,39.20774411229242
W192,3.352803174211136,1.4937414434901601,3.8673496577113418,3.785687140401327,1.4541433474730072,2.340014075812426,3.7348503651418095,3.840549081837097,6.704382400713761,4.544807930485075,3.7343278679034335,4.686510202165365,3.323694160869763
W193,11.172310543258288,16.278448759018676,16.575385263245046,16.053049153509814,32.15387998554747,18.228545426747644,30.448928076370866,29.151833808098765,31.88892682617285,35.56614306999028,34.975182206458754,23.596126027379917,26.31163265791385
W194,1.1323112055658477,1.8224197931596489,2.354330623287638,2.6352851932950303,2.5926469828150487,2.681546338402509,3.2783666346597142,3.6457815677848755,2.4181562922503663,2.076842000791113,1.6061444798024862,1.7200053313870924,1.2368842483231832
W195,2.859549461890836,5.454774911946454,4.212599894958034,6.020287036346352,6.071968863144773,5.225853997195072,4.148712044116782,6.475215121909077,3.8868252308278506,4.596790959462969,2.4884585678186593,3.042289701031136,3.118589063983872
W196,21.312886926106806,53.44316588676253,60.35914391167226,63.2347362857234,75.56772237701725,54.33945942176833,67.95574439019143,36.13117214919822,51.95331531408738,46.039794175799514,51.71743129376163,32.83050023034994,34.23669744039272
W197,13.633782866468138,20.616167996866,10.485462090437423,11.826389384550064,14.305429913148444,20.118220333195556,15.0595302342071,17.2263468885599,11.204008255977012,13.098458773840472,14.798660357444456,19.868272613012934,18.37585879625766
W198,5.41868702962254,9.195534466522341,4.46254201660895,3.943649594601529,14.614577089331068,8.299937989226127,5.917601477794808,11.018316522953985,17.628422267037873,12.602863727145557,7.437134301933777,6.872100097495702,8.986328066846768
W199,4.723970992845936,4.376889348755566,7.027838950559411,7.12025336522514,7.12609509110704,5.420898069854317,3.274917720912997,3.603840496955991,4.4076001843406765,5.015883169118878,4.057953402270637,4.471449901458137,5.529815673578092
W200,11.524591218346924,17.638261199024136,15.150790622934494,8.057636300429524,10.580314905521465,17.52075414686817,21.937708252572822,10.938886494977451,8.173129128430514,15.361984348546953,12.85324832483991,18.4176105704567,17.9129703881015
W201,5.912839493424417,5.2329578514450334,4.342470063224395,4.742906901363364,7.102273562036326,9.644004860533823,6.193792981687355,9.300927729264352,7.037469094070724,4.627728992173136,5.809728511298982,6.20742264349708,7.269454785264199
W202,12.86216874209005,10.730229191401264,17.293065673124538,5.943774505732611,6.6644842448610015,11.085580121265627,18.741530153645634,6.630933635243188,17.212458725440957,10.922176797690147,19.596131260404366,13.62426348926785,18.605744694179837
W203,31.11156105051615,17.084205655370514,13.186128009199862,12.749437012080215,14.035117593914416,20.46159598797214,19.850079392158545,26.50577139511313,29.15836705604414,31.43144497752215,31.52408055360203,25.49596786748843,32.58778417022264
W204,16.395593451442924,20.05680106908864,21.415597169469642,24.69892111004047,25.065504675250608,14.055608088944291,12.743132807516414,28.272815262633554,17.634176416124493,16.942952140934736,21.765861983275563,16.428988975283726,8.452529332986709
W205,42.337492987894834,67.05216001367906,76.63003368458072,154.90001505003158,88.57760368738808,133.46378357067474,171.66553090239202,101.81386552184324,67.69576907015679,124.44767148283681,108.07642215117937,104.42487957857523,117.09205582574769
W206,5.8322167941315355,5.919602150905025,5.6002704324211,3.701123917136505,6.090813884757109,2.0274837308225067,7.71181004815018,5.940470252850368,6.180991964482721,7.184672495754424,6.059903871762338,6.950854776572443,6.7537250167962215
W207,38.94892601215077,60.48049251618227,50.415799449428754,57.94940875453348,79.27275619656479,107.1043735684963,65.84713357466654,67.33960341062269,105.72839862118445,41.56177751251769,91.9761206781417,99.70028165707447,83.43073009988576
W208,94.08774043412923,100.89308127914398,127.02687865172538,112.22846536195624,77.26703978735115,95.45384139729504,141.82325201637352,158.2750622729303,183.92743161366664,198.89568820741155,55.04850667820131,125.30846315193523,142.20366894879965
W209,12.319719492545213,9.775241576298708,10.640741709345132,10.342973563003893,6.6622195062906915,7.011990730170534,6.243742167162327,7.123190779067938,12.38787019123951,13.860665311412616,12.100973214993797,26.573347803767447,17.14800111529049
W210,45.22615055612171,32.890281528135425,53.58264401604293,59.39032941376067,40.245977480675016,39.688111692924025,94.55289106367965,76.87056214588891,79.66389188961325,99.95389647044773,100.67074425137112,92.15352462399362,56.86947065759447
W211,49.14340494918858,61.07332908070456,55.70101962711239,109.2345527980955,96.91292399623569,94.02529347202342,80.5514729070798,96.99888884672906,47.17187549271308,34.300855856669074,28.307343349385473,44.71605863669153,62.50394617542187
W212,9.970607723453844,9.980963111093068,20.707518592289244,7.862051656533488,9.806743738366984,9.717840957486432,21.963942289010756,20.547219662888793,18.283015916418325,12.964402931681837,19.07978366295068,10.391293398802622,18.18771332177307
W213,17.709661865066746,11.240761612319718,15.709110883496948,12.637676482447219,9.353757353331478,13.292332037682604,2.776826313437755,10.84240214966223,11.389588628436172,22.122666071814276,33.37990631914666,23.323076105008038,22.43176664353479
W214,3.7367214406482216,6.676868905033289,5.391835552481185,3.6621283087843763,2.0353928367762055,2.6605623700638743,4.920872318502056,8.234998687006561,7.750891013296448,10.086291780183664,11.09987360288396,8.567680987291732,6.924872543953398
W215,5.775960666850092,6.822921982186128,6.457528145505873,5.737562722968682,7.506163176017462,5.596326160973769,5.9570324722130925,12.75521734918705,9.439653277530953,6.192716508124704,8.185291595294585,8.22680490834676,13.541715631706426
W216,7.53346619259678,5.246150993823934,6.320488361273961,9.226553575143825,9.126254276810503,12.797138874568693,11.967215590938498,15.836526067133551,10.299525759713454,8.24096510579923,12.637071614895572,8.979352788480986,5.282740564801574
W217,36.179422417998715,21.385008943182772,22.88337935871771,51.35927032678751,53.65075543270584,28.58940954925449,41.70919035716237,28.323982435384803,41.08401319248191,33.474123722661105,44.39731995289792,52.13866406036887,63.62840306517989
W218,10.18678640445552,8.368820010909271,29.106611688755503,36.47173536623924,22.740449058340673,22.450247896738002,22.201429495080248,33.879558211774295,13.618654132292038,21.89324279886347,24.05828770143477,20.67703442227626,20.6651298447405
W219,3.1127373598249535,2.163753424318484,3.6834623199511696,2.6198305710961507,4.7212172216230295,4.928949471870227,5.919582373360455,3.5085557591407555,2.198164075711805,2.574721114023786,6.329399259902174,5.767269175268301,4.333291146317073
W220,7.0784935544224705,4.646010694671277,6.793861595219563,4.109393431517605,2.906640285621853,4.821527727287247,3.5830122976344776,5.432814648043913,2.7551874482510263,4.032751511065378,3.7837046495465003,8.51177748769312,7.029663514351173
W221,8.622982604644198,10.178799088055547,28.784083835515546,28.942760813370803,13.297707805295023,21.14296218603258,17.936253719771038,21.01826863112177,16.846341394350276,29.619432816565126,14.514601454225335,26.03862974025315,18.897896949793104
W222,15.248070218063438,30.324315402412708,18.983752312832987,46.321748843011086,42.94686710343372,34.8103804776678,27.10871081866476,56.93388988225718,31.679650432099557,31.382796674691367,39.49523954383613,36.240024822356354,28.17648368320655
W223,111.01916202845305,79.38211487797409,118.12448005176586,127.10371414714844,69.67980177210544,134.08027082684512,54.901046210431836,97.08075903597012,78.31736956129208,32.89150061185961,107.89576885819004,176.6589464193645,21.46696357196339
W224,3.2981349275006764,4.753214530714998,6.810961404236561,8.082945216627396,6.429413756323358,7.052633612700994,5.099914987036573,8.495429410865704,7.23468249994426,10.315018825722152,9.486472309293875,17.58348510676998,10.57444475492676
W225,4.254759878653512,6.00260388289949,5.178650101619202,5.350237926952376,8.960141935259724,6.406188755804766,7.204614346028525,3.606906170806225,6.604431939993122,11.158736470810661,16.92864591454371,9.635641487467282,9.280737463962694
W226,16.654577122370778,3.6688799721440097,11.332024846645902,11.78856773000864,11.23377157280668,17.631969834649727,12.152271665207222,13.411433452468888,8.752128505397978,11.581205447836641,11.779428636398265,9.783681042940922,14.264567510092892
W227,3.603302738460946,5.756831083591019,3.6806798285099527,4.194065748173266,6.893643992838617,5.242713836840618,8.022150413075046,7.919064946380972,6.0163185691085355,12.4322463125133,10.173631308436557,11.335378313051624,10.161315133879086
W228,16.533837092459702,31.90800308112385,25.723554777188053,35.534069130905785,27.789878053888376,25.738287906832337,26.588726518488944,18.862853286949925,20.19816660306094,32.06738317005298,21.75501651343931,12.138387264171465,36.11966775006397
W229,1.3248457608340745,1.711046767698078,1.3842079242295995,1.8028558022620644,1.530342860685141,2.0701120718453936,1.4808776840104008,1.5740098463002017,1.607065869449664,2.321897148615764,1.5523761516623409,1.2620542232804342,1.503955178437837
W230,9.307144648064794,13.041560738654045,6.131572565419066,12.955933293283062,15.608352719778027,22.79660383971698,13.850930352326461,12.856143336942027,13.329628473817147,28.326444638800137,56.31922725410916,31.69400672445823,13.600988236153903
W231,4.559335925877801,4.718673318979589,2.5778005515846214,9.030643067356815,7.937031133947394,8.527083177880957,8.58844666266841,14.926827795198124,17.707311396002495,17.802723095779488,15.77285788942507,10.104841395341142,11.412618810991589
W232,9.706321728646778,4.294417917483127,4.965126949535103,2.8189711775752784,4.9770194644988734,9.97326139610308,10.822628475790824,16.47050423484357,23.475593211354592,26.659518663603073,23.23480759550221,22.20825498829223,33.210538269124726
W233,4.33207561395225,2.7655616066181072,5.072895893865699,4.731364866505223,5.6047038614899325,5.154100273083579,5.488397500637121,2.9044423948497062,4.470948207595312,8.39431002971657,10.105422028544861,12.788992029280456,14.681231653883824
W234,4.723236086096071,5.754966735351248,2.667903624571166,5.41139126057246,13.313962393855594,3.629140686856947,5.570884445041105,11.688249986631847,10.366642434993055,16.2935303571694,42.30903959705299,26.13850878015039,22.967532295612532
W235,2.5081593632083976,3.6566560577937723,2.9446273773178984,5.458518103386663,4.268566165148427,6.178151287500987,6.112487657144997,8.831207951279925,6.473439055285841,9.62282156276163,8.861139136490825,10.039745864064484,10.574687760047585
W236,13.860050807085846,4.221249326325035,10.136090364386169,8.690187260640522,14.48055121102091,9.861704264476813,14.714154465173985,22.2078260276641,16.980794427087307,26.775413505210576,33.68973621520346,23.22240051921841,32.41798853067547
W237,3.446129477399246,3.320249858820796,2.6172923747643875,3.594838052680552,6.347935737308651,7.130300502082579,5.212458213261762,3.5488573865400643,3.344554492006363,10.524779926440216,9.67452675199154,10.975486765970828,6.844909787572094
W238,2.0369882219222673,1.3494638856783077,1.6722297378799356,3.2610190646483423,2.4524079281901625,1.3342593418260278,3.63048529865499,2.5223788308360744,4.298169532923303,7.360088175422914,4.650469167863647,7.134446703143834,9.547304094743174
W239,10.496045963838112,8.224900569307836,15.110645150853014,15.911539181518453,13.72788602626059,17.556868378215853,30.95319152163462,34.710628727019596,28.112149731032872,33.87498962545958,58.96691330419976,66.70936047231298,48.24680893204242
W240,12.032502477664515,11.057838441576063,14.781886580372715,6.851837591113745,7.115671322861909,12.451872961526757,16.328530253822542,15.401712169431095,23.030821530614134,24.95839402385498,18.99532722803165,14.58289170997988,23.49592329798945
W241,8.14044867467389,5.095534012740932,4.92562607695715,4.050549036859017,5.224227897498335,5.912028099561127,9.276368531111736,6.967904338823838,10.18674368358205,12.59482068649651,13.914038697481026,11.42363392817714,6.757507972618285
W242,4.810960338123809,5.221550595847979,4.185657430440275,10.50542843010223,6.708612328566938,4.895741350908887,3.134379384343867,4.645884563245178,9.20825414370163,25.249239815289496,15.861401309468212,9.164307857116137,10.63667534993899
W243,14.634712082921217,4.811441636869338,13.175176872626821,16.592653031537832,31.635984746408734,20.362079483073348,19.39268212496657,28.235269980558048,35.797900657720106,58.52365606850795,62.08947031099558,87.23856303407337,85.87294657151928
W244,3.7120921195129526,1.9620375824636898,2.322408514613657,4.825067207174456,3.363863735163761,5.59308487107074,5.369616524948528,8.459396624464425,6.79711513253969,8.595594511143474,9.280339332427408,11.363688727697545,15.911396006479182
W245,9.618832160142961,6.619382882867414,11.847942226395304,7.52069266258111,10.40645455955103,10.469517318147986,11.62261527690736,14.174091218663683,12.61543532245313,17.69915402286223,16.92497522154767,16.734587760085383,16.936470105219676
W246,9.481146601281935,5.423340760085086,9.591862156276031,11.097841935484569,7.590128638567343,8.032878974875699,9.2781328132335,7.068596324589509,7.4900608725830295,14.429187117609915,19.222830817155852,18.586629444980026,15.018413260894146
W247,11.119231268392898,20.31164751134186,26.019888626298926,33.013421166625555,23.47865506156605,33.93263695360264,15.185399698394388,44.2819847285551,44.99129413981099,25.157767083447805,22.152642599134523,34.19843419661196,32.62792776709846
W248,78.52393082685063,71.29711924404803,57.31994144710867,37.84960336648143,60.86189006677341,79.04991437376655,107.39453390419763,87.72270565537838,77.23730704782432,106.57406092713265,101.50761258398299,59.2999122048253,74.25627776491359
W249,73.8413961643458,78.63953061279034,60.88812404730464,99.79072414307855,63.05453076504441,51.528445784828534,75.97202511451125,92.50738429984969,149.18363633455314,151.69853628990683,165.4608956067869,149.14827844296406,127.38997836368479
W250,9.217578091613845,7.066895596724205,8.986361902905927,8.178719008805755,10.91472296945733,6.838848998552212,9.123028574711384,11.14976196494785,12.641823726227235,10.749475481389828,17.270577552589263,10.543473733784374,8.027113335440045
W251,17.967914274478286,18.520593764104706,17.998956542672158,27.07857809228541,29.863049718674066,9.449803833942784,14.217562673503606,28.954334084036446,26.0760232181788,13.792944378376925,19.901681200968905,36.25999636651932,59.38091586002188
W252,32.73062952533941,19.63275645445653,27.779237338792836,16.24627643107812,26.634393824057458,30.55130712629126,17.897850768318232,22.03013107938806,28.76471081681532,47.173825524596204,48.548751094904446,32.51608137714325,56.2852197717125
W253,10.71751020526712,33.546213459942095,44.53047453710789,31.301714210247077,35.43079910191124,47.10600412898508,38.01403737437,41.12177996512313,30.116221335021027,16.53047942438419,33.21581569824804,28.603559000585857,28.6441305069638
W254,22.767179757822422,18.103949096122577,17.19318885852768,14.743683872255039,13.029906441529091,13.933988853698652,10.045388948418044,18.260502553325132,28.923383474707947,27.97041223552139,20.94734743648933,31.520524143008817,19.626423387871775
W255,5.936455065946318,3.662481860023322,2.313830347065239,3.260844273343886,9.410474503179934,4.157702986626126,2.558101542159774,5.117582278283364,8.048682244628601,9.569689813416133,6.600410375499409,6.638799449072138,7.981065937580042
W256,9.935076635336141,11.605136912160956,9.401935685006588,10.26254478065738,23.44804547291738,7.579506522525127,5.342191930752696,11.511269630236315,14.391432876888926,15.968097961247597,17.67854343901096,12.985341023631308,13.461516226822354
W257,16.69659859821753,11.20010266694026,19.101145328880104,20.23937232845906,22.012560684186653,21.100606137620726,21.989932483411604,26.833399581957476,23.682749518373033,21.64713047669368,16.184672154541854,27.669928164435166,35.34559847951372
W258,2.4496994203371547,4.736892612778916,3.8698009477232707,5.092144783880391,2.498071130892844,4.977354681454825,6.832420535578986,4.9196331545145835,8.979133261345417,8.209428824528514,4.433001522670624,4.250876703693098,9.008612046258955
W259,73.22360156312311,64.18270310702886,25.116838520203917,22.03617516437454,26.020480210307426,60.25935944212302,56.590436695390764,49.81700552396736,41.118426628155554,25.3403846779207,63.14524788929079,48.33606233057252,51.273993240969666
W260,5.006257197497944,2.0958210703087268,5.070129121260133,6.403187772313092,11.583308451603942,7.229243076906469,7.20434102789768,4.979674588640319,7.7309537876157535,9.103513064471326,12.508617692764831,7.6833428667963455,10.906986831098228
W261,24.533958881008022,19.6334189362168,22.630934434419565,21.49622207505305,14.083325277611321,24.205464130026392,21.756260214016685,26.749814174588202,19.994248147904962,33.37621045183214,27.735990871519068,33.44058211028931,43.59026317596612
W262,9.267040668411846,8.720005504585432,18.53814915586218,23.690126411123355,15.940960063622178,11.326257253612006,14.465905074519158,18.850328999118343,19.922375721158232,9.637116445026225,20.27909476838145,22.39449825850106,27.767446344595744
W263,16.54391495762125,24.246836262696192,10.761819130611695,10.844555073860743,16.040536119469213,4.517665146400212,19.54821742832325,21.674059100108582,17.543486871913533,14.224364695830861,20.711191470434503,17.853254090641375,16.993040167227218
W264,24.442180958335044,10.409521284621986,14.025808746735425,28.683089068299562,13.445301372598482,22.15291420445624,21.260374223540918,16.84663552463826,28.47771949261358,32.90002524125158,20.309464828621156,17.948648984673035,16.002850878827754
W265,5.515117099844658,10.818073141738349,5.967671468001613,6.314676535658723,7.9040596135783385,6.5926038103317,4.298782632909129,7.077292808694562,13.244815438502737,12.555757230250991,15.379917823252418,12.998686688469704,10.235859068734717
W266,7.590516838463623,12.263859420060182,6.890693243426224,4.896949726615584,5.754492951164237,10.919792563277001,6.294937916691375,11.411778909311211,17.66744871578803,15.189321405184604,20.05588886399702,15.57998310332847,10.009142807953173
W267,15.828965762961282,14.369346475222784,10.692360198992604,9.129395153842385,26.475437784387974,30.603597899184898,18.24968595620195,27.908149257878073,19.731731218395485,23.24597186073322,29.66892649936971,20.19280600548122,16.32776215147072
W268,3.9825905984672962,4.023228756235443,4.63679594386036,8.90252730970258,8.403274161004147,3.6608315824413697,4.152305609537929,7.878360433808566,12.24530520750708,11.5070704514659,8.298882515134169,10.751328946925549,9.978368998739242
W269,2.7268328010715894,5.359255370384965,5.5045495955618495,5.482034088730226,6.361872758865922,5.889689688345217,7.194659451634889,3.8079547495998782,3.922393274520051,9.503470813339764,5.214964920783318,7.562351130766202,6.93591827013557
W270,17.16345802861409,18.324545601460365,20.327323105244446,28.298114745067306,33.88864232674434,38.51744337472309,22.44206754902514,37.614649169240145,27.231269131276356,43.99790692748938,58.55817449660651,61.27600748865742,40.8257366589999
W271,27.896393897778314,31.468608799087534,20.916623732691505,19.43724731990108,39.15406984433423,45.509555407353815,19.831776606623023,25.73149121941835,27.18678221351316,35.00528018206697,20.845060530015168,22.730517132810736,30.65202778365563
W272,1.1216194608690069,2.4696644306464157,3.1231648877781035,1.9488110205327684,4.08920471684287,3.8841563125085408,5.3350553707295205,5.1914193678126335,4.634783389221122,6.327370661262071,6.981200277083438,3.6113936350804954,2.9056376724825888
W273,16.70960292765814,8.839430461007916,10.397110145372132,16.9127753673073,10.728885968496598,6.162333598159006,22.452663260735818,19.03436703701999,12.464894694701549,26.761100087160216,41.40181313511529,36.8970094519868,36.143747531558
W274,1.5419489445179295,2.596220915340211,2.4019015248340208,2.4857430498746234,3.592069659332927,1.0355489498328838,2.886367451702942,4.818676672334418,4.716686324502594,8.097604907085184,7.186616177224835,5.381782672590942,7.451890289299086
W275,24.463974260634824,28.293952140872385,36.85158706385651,28.07930003133967,31.848011001473974,39.84838340823862,30.250714010168288,25.860292046881284,15.815038065082065,36.73480315552262,26.233241467172675,30.620090886132253,41.11989138178725
W276,35.86902702890061,46.462964148879045,27.48357873349108,24.210047759143453,41.54709631851556,54.710375158647665,44.23962448981708,49.105890303506285,60.14438221895725,78.50932691406832,69.0140494754511,86.31857404406047,113.72699695982439
W277,12.342854552331078,14.021300278504745,6.66747017241179,10.749745793505912,12.287822462706657,5.708799819138824,3.595146989345555,14.139564561895162,16.89569722592118,17.666472546889565,14.199232756561175,16.90385600610104,13.499095353948658
W278,2.6153155163383244,2.236647379449835,6.3507123911416485,4.875899301667335,3.252644059069533,6.006547552463111,6.74597625440529,4.597504255027913,5.252205881817598,6.064947598701926,6.469160658462608,8.488076872884662,6.526573967251156
W279,5.824609858179302,7.042680491119827,1.615662905744854,3.9253112137765447,4.623319870504275,7.758197785246272,7.033813314980731,7.563174407945389,9.87731936686262,7.795611321442354,7.226358176841239,4.104080164909096,4.981981320217877
W280,7.953423492433806,8.799714320647096,13.402375642959635,13.097363508546286,7.8729622760433635,12.520781934447882,13.267069632175629,14.597090412133653,21.380955880759885,14.342666318540406,25.037118406977147,30.98056065301262,15.739577900947614
W281,2.1730176886072057,4.4247120386528955,7.2255342968530485,7.808833683720028,6.6042778560565765,4.2677841879597835,10.582204685225118,10.40123305190302,7.349035693545113,9.559825344900416,9.552631999873096,10.313717213012946,14.25243973412975
W282,5.865209320646693,5.7218668609991274,5.419917630831769,10.95100627225633,5.124736481030003,4.389231538663733,2.4642619331150004,6.63290539658149,9.225532687872349,12.367344435043385,5.245417130696018,8.883531687904371,6.906745525209475
W283,1.8053467488961856,2.5139219575694858,2.721861250137472,2.085433385114467,1.511912177922377,1.6922366146612058,2.370187032968079,1.639852525762593,3.288587818692095,3.436583872830685,3.4284595952482735,4.438021129963215,3.450803279129371
W284,1.248121256629351,1.3719363747091302,1.2594290755140038,1.3190677010676808,1.19205034132374,1.8401956067901932,3.2685236776333815,3.022291678718338,3.250354754676774,3.346674453281952,3.6369484702151142,3.627109845834565,4.356897155660218
W285,3.965582338541193,5.008127496505054,4.3193682987214554,6.447782755723081,6.6908444070049935,4.701409934397356,5.981500382115693,7.534040452921,3.1723043014896923,5.157747795186393,3.9023785017922057,1.80767377000111,4.3763173042525265
W286,66.63490404810352,74.47467098786008,40.690636461291845,78.79685749206631,65.20252290268375,32.468600202734144,36.909293711069026,23.438975508221063,96.5557545876993,64.10693703687596,76.91261736542282,75.4072530289693,77.74972020287274
W287,4.728579728628922,7.053078024876792,5.372443845681421,4.253984206012177,6.28409249613654,9.7396039575539,6.060358621814295,7.111596295839565,5.412153302983998,6.8044320850457165,9.193440440063792,11.789583962125212,11.452252469492553
W288,26.15446318747546,19.441666119445618,18.61882056213562,6.626981797922858,36.18901103926447,34.306125442477686,30.356645168315424,43.09422825332864,45.40874774891941,34.01182990335865,37.81399712408072,25.659159565835285,47.9875912645655
W289,16.796146105580494,38.44750071851251,33.46368057312282,23.304787772580124,29.29501106203946,77.33309711646781,46.36165056110518,44.90501207131561,43.828399309123306,30.258864554457475,47.58651129390576,50.98654767803978,52.99763384694636
W290,62.84201749227982,16.189412821347293,43.26882567160816,56.18786256835231,36.796717414737074,69.24704262638257,52.19415340821224,62.72928422993503,91.08128286042137,70.16159579855561,59.67126224155154,109.36851180755838,86.15030564368288
W291,31.254978483435096,39.27050660960455,24.562556399426544,48.15150201058136,25.176904210505917,25.665275088628714,27.65600713452673,46.37845047540951,13.894771026360962,15.930938402209563,27.71994255720965,26.627302639865903,51.18977772343791
W292,72.016939240015,82.91433794887273,37.96207186126684,36.361019134506954,59.08682414464412,54.24561652797464,96.80693951106936,118.86507440160922,45.87055864059245,77.32966458610831,118.48723945007788,130.91719654040955,103.75177932209131
W293,8.499449004200148,8.178892322619244,11.298485639677564,8.46267987253451,10.747453739142129,12.038199590262648,21.112372320513867,5.382008547001724,17.319403291539825,8.40606832145682,15.146875696822717,7.930313108572704,6.500929904636692
W294,6.694400505273054,6.0146558193299375,6.166217742668504,8.32115410414931,8.627268129309488,9.534373262045042,12.0963362893481,10.66370847196225,13.776612301288003,9.460987811798546,8.255870903484364,12.605407282194435,19.146858805689234
W295,97.02968354258911,57.59066326454313,35.89544879229124,28.065675003017553,48.33161200627397,30.681729396336095,35.347532281264044,54.93486619738871,86.51641013920425,76.57414928763484,54.24537117579707,100.73572309699769,91.24354140636478
W296,40.61453527987243,55.585055762542915,38.56734640048501,44.0129004909357,74.8209500298881,43.538048477739565,54.610931285549434,58.980953062196356,74.04491888627477,57.72279387620633,95.17667037212948,97.81459153802156,40.37218621464538
W297,162.64060243870526,66.27649588749397,59.38022858241624,148.7285120244265,86.9205918007926,52.384531781815156,101.0821406561269,113.44120491305168,126.63827279647711,172.20692646566235,175.48651099229826,108.2829167822654,90.41780164671671
W298,19.400103166606996,48.755480239404996,30.69915661504395,63.9891382365008,82.33782629584664,50.71638683280792,28.331218904681766,57.94246942226399,62.946050837204986,54.892586365328,37.22203424216633,93.36078307231041,47.75609417524633
W299,87.89558411333876,61.208949659138874,27.498663997092546,43.58179564336456,50.08832791055211,47.68079688407071,65.34826925787698,59.112099716344076,47.09197065716193,47.133311279020084,65.36476348825113,75.4581002013699,33.26921417203904
W300,14.948532524130934,32.2155362596993,41.37642719592882,38.02803476219877,21.759636695611466,28.268929116169215,39.91830956309395,27.254983358552987,17.240194477586392,23.152626462779548,53.57954520733633,46.69876435731459,70.49110703485938
W301,72.9787511308943,38.20094311172177,57.10058364084374,36.86669947764511,45.941666636888584,38.6661039170616,62.404028709090525,94.7848432193935,69.19282465237991,90.2878034156608,50.95364853594887,76.34580383606554,57.560240409504985
W302,66.80985897960727,32.87531803078121,22.28523904123527,56.534547549485175,15.488798968932382,28.377570973834256,23.645280390597925,60.77493276734258,48.414014193981025,39.51227471780122,58.7203728008858,89.15584792723915,69.83362974151504
W303,126.17285323515493,82.86456824466677,34.850226008951644,108.73482220923977,80.33900812183339,100.58821324153732,98.91451356348063,75.67489346870593,94.28647201017239,104.51733816513419,94.90366762868015,108.23101303288718,108.06883688938736
W304,63.74901885225371,19.81575578927038,24.839806770081754,35.879217778193045,50.47095395868796,35.18119810886206,57.16968452335567,68.87808636006808,39.59353271842523,58.58892757275047,39.76772860153059,108.56042680058405,81.52300460376193
W305,47.41113197340897,27.656546358864208,24.585268322717294,50.57687236647795,42.050554837302634,24.319877551603717,24.463277982008098,126.67911973417324,79.57204981414638,43.70721146876101,96.73115326253482,55.02930783568887,81.19469739998426
W306,76.15784519092567,41.60722071047294,40.15351809773332,40.75712179638056,68.56284494899553,63.89912436606618,38.435660544603536,52.458707311084176,91.68371483870503,76.8231936559527,92.95795535348228,40.26590038109162,58.161271852496505
W307,63.026583017604565,79.16395572481208,29.373679885230583,59.62619918395762,89.94651045204586,44.08238790180261,67.51733385953564,82.18637813835086,78.4824356759206,49.02102194467182,63.5960572942615,68.77221554886836,60.117583494764524
W308,44.836857436154,22.582725236892895,14.564495944762337,37.37312892808149,38.12205906197879,14.99967667568202,24.472679238795948,38.61261604061549,40.04938576620116,26.997746695326327,79.37192246002365,91.22637430932461,85.02966216782819
W309,112.63711204849403,76.82245819338914,93.25492873502724,143.0908111379799,170.1621617909664,117.86859535728779,113.51562649311774,100.87844614125972,155.80970120149766,86.57781145232882,239.67623213331976,119.643827929505,125.32819359236383
W310,82.95333106256183,87.57055415706233,84.99232866632742,86.13914671695454,66.17586733942368,52.03920120087349,62.757439324951626,63.00717960776386,85.6039153930763,69.5194775269851,111.1156311028064,86.35609861932163,56.27463858946595
W311,80.48637142942262,48.9654002523723,88.9071110169205,47.102942470455076,38.23988051923016,86.22551251804774,151.2331344138085,182.048424443196,127.95083995279202,122.89303737041016,158.430600815073,38.611570979435655,125.00379900877012
W312,46.17489788429428,88.30124126958817,82.3902548598741,90.32209920404296,80.37462550223793,55.48118728452026,72.24291030094223,99.21064874611494,57.174238065539704,121.7424361983116,151.99955449893596,130.47337057566563,104.13249582443028
W313,30.612224304597653,31.27457953953978,33.62952009953456,34.2417466187109,18.715398179039564,16.173983302668564,18.588391296720634,47.22715986987789,44.13166457743231,42.166557206214925,40.76206056647532,37.607881172036286,72.133412193137
W314,145.2778458880603,119.77705397320474,85.5445595055585,113.25672348584868,197.82295746702414,143.48796144058545,176.14238520760708,223.30681349742778,207.20665185147888,322.0604594682105,362.8839307917546,208.98833538860478,228.64978972355314
W315,51.09729994334326,87.21650910091516,118.58064806388103,43.11714516436591,128.2229018413833,85.14885794008039,109.67852761194868,100.91044433865616,84.68830259029285,104.46166887607605,106.62228151106602,113.46744545628509,145.1965735249112
W316,36.134989151790286,26.057845860220382,40.60823842984327,36.414176339716946,58.859562889134715,77.40587641209811,82.49445747139619,50.09868824006267,63.23867614739413,52.276034572497984,89.0545597597337,32.83346179395348,42.411269466381285
W317,118.08431865779211,18.32993863533098,53.16587279684215,27.788041949280988,104.63602999923123,28.97717883740582,64.84504982552639,37.39331499078407,28.920646697039942,156.1047916332968,39.54096245509206,115.54644228188081,113.70290341334744
W318,71.06072240696689,42.756644955784374,57.58907359799252,45.92435469470418,106.44420545936259,40.809704256463235,32.839416213599286,89.55717616556483,58.39992188243927,46.840046908334685,97.9635388020716,131.45725939112302,81.7242502374601
W319,36.74426396221586,44.7316148448164,36.89423752938934,38.4436445446448,33.79254348225359,36.90864324924445,70.17845482500303,61.69662815746088,32.85104633988087,72.62481865467893,32.875784623716676,56.52329868846113,35.320327544843146
W320,48.656174569626856,26.676704615169353,44.70541588694813,34.879983161908115,39.26595672939856,43.678883924328986,24.321472629653893,26.72174956379164,29.522893536203377,29.636694527224194,27.403865929372063,88.28129030972529,74.14894810700292
W321,87.21003354904173,84.84361892770714,92.80314235318235,91.66002906597272,167.35246494786094,118.32303913281213,241.1503009724952,179.9067250733696,221.07575306526738,114.69977589614128,144.79028136929648,131.67029591796677,228.4806510002544
W322,51.09026627328343,48.86674399834729,41.960911375946075,104.39955077729019,16.312467862037266,31.48976821921692,21.782837157381568,30.409574966201085,33.4678263467318,12.982964280163442,28.93691404806316,37.84856468216466,86.3171269266708
W323,59.18903124735189,22.70271749152509,77.3398218238832,82.0724687029699,29.166574693902596,60.7940995615529,83.04816865229478,178.75792531976015,200.72692891805775,200.20007546202373,146.5755741319987,171.77990175912598,109.3146797752935
W324,21.99509254072372,31.556743726579235,44.02916879325561,43.73812067721927,34.62289201164443,52.25222178888664,45.170555693117166,111.62105335296296,83.0119399567015,86.03672282447185,78.67552038515532,104.19803697887014,105.82963387976463
W325,104.34018518588607,45.42923789394883,57.31322581110763,35.658698228833224,82.8654985141585,33.07991539816877,39.22396706256266,66.32262115692498,20.11882478240215,86.07697468908285,70.5626122966334,94.7874137293555,129.6656478182444
W326,25.88112365219101,33.11672449835581,30.962171280047418,55.21221713420868,46.84603355941671,35.685377357189225,98.28755713021366,94.08976288829189,50.33060955074954,69.7116468819953,43.01324368290535,75.29900341305985,82.42305316702975
W327,251.29135927867685,118.17483286269123,132.65531828907223,118.38751581142337,103.81260401740728,60.79605723235686,146.88621639427222,90.43248033063085,148.49780596148543,126.68415306975076,302.5953124502676,212.24515768534036,160.52609796112557
W328,19.523298459789025,33.59784172197671,31.152203477442765,38.52759075487327,37.06693544791635,29.119112649598364,55.983408764338364,34.05555102879703,61.74014327404824,26.250430739323132,62.43596144550831,27.40017075676714,38.60226219407362
W329,78.1365806056931,82.49872078705224,177.39192213429558,79.80631206474177,113.80718952355349,172.11979929797425,106.80419198409336,274.07907966885205,233.57932989324019,245.6076821230862,172.25121441625595,238.66969964995528,328.6647969240468
W330,76.93027373293943,45.49660345152149,48.103381595008415,31.32813212194436,56.55421741899544,65.38898052233266,81.35849192232487,52.7202053332022,69.40260172266595,124.81709077285846,56.70247766081293,68.7773889007136,49.50717352439952
W331,100.50708686580269,47.79334917381263,70.53222373940169,63.767988955078735,106.15764900314534,62.6876823377207,84.7365664700015,150.0920610158977,105.25534842883276,121.7930243102001,172.6210694349764,255.69319304099596,274.97715759722666
W332,47.332566517409575,48.5199973632007,109.07462456215468,42.52812643122195,41.41999377263352,33.75056999889043,88.39309940190473,125.28154137930696,88.11741717872815,119.63614526973019,118.67280481011652,125.3638450082399,94.00469764059675
W333,21.832379170626353,33.3144372326024,62.22313737670258,42.72784620420271,40.85000196909431,52.43720505638159,62.94839411375001,98.92529198718593,77.04252381964133,46.779007765235924,80.5152324625595,66.30940120752109,49.98096439145606
W334,105.12977821899457,24.660995881654927,58.5974781240626,55.012249530218284,81.33736323793637,46.10927495092492,114.0261858231478,135.512879727814,81.1408229661558,109.17050704459969,127.47039814943311,93.82275530088627,110.364941748954
W335,121.90701483354013,17.698283945767137,73.17801261734962,54.929030931967084,98.95455566066678,46.114142289811724,95.83938645463063,80.5167322307917,58.61907105733589,51.090519680758895,70.05911699504212,88.7251584282892,91.99477372179898
W336,27.750262807314126,36.1179399104517,19.228305525318625,22.841542266777854,24.545295977539162,30.831381490698707,45.62018432393719,41.73029179594844,28.924334903762215,20.574974447128717,36.08763892941731,39.40266154874569,27.62099413263395
W337,30.601243830929484,11.231009065306672,25.12515377316123,24.650240483106824,15.43502215741848,11.365212327537074,20.40838869497053,15.675378791276474,24.365900519475936,27.58364794583921,22.54048319136037,14.955327951101594,20.33974751871323
W338,33.50108621000216,28.1674391651957,4.9466288646915695,47.158210654402446,40.7126757103976,42.366931013468516,36.4252037194029,32.51067856681862,18.1370777586964,23.24354915885264,30.34593215531529,58.24112889530903,54.12212614425821
W339,110.66595232556847,90.02942226225257,23.245023612592878,46.04505065422351,65.07802096042103,46.52729636057737,73.96938371464914,71.46699705720822,54.85606777057578,74.11711092335561,112.02651112404155,149.12870353867154,170.86670845574326
W340,158.65012717375924,59.06940541430902,135.00989652845797,100.96915849468579,66.97484811759543,62.9878515588521,81.47054556172442,119.87830506027755,118.72491450144342,138.33981068504846,140.6655641304047,180.7873922501926,162.036374464578
W341,94.37513134759067,54.78800823172876,53.03265050065836,72.01850299836133,26.400456037727782,76.02082078532833,90.84101201618674,36.207609006947585,58.90617325777492,179.95192613341212,132.21836593633662,38.50069928261024,138.26257186825742
W342,33.60289818401084,26.79519151107149,12.370620199690906,14.06926711786188,23.484593257814762,30.779722694088726,18.975957775564275,19.050757504624283,27.22058374367176,18.43051016307606,29.913264693526862,39.29932477945709,37.003170818525824
W343,79.81211583071206,52.07767797122884,69.94533281695782,51.06135648903191,51.29874400509237,66.13264287399987,97.97916242944204,37.55872428278156,40.68987890587776,126.57041255364544,141.69644576302895,131.18935084830628,143.61553053421832
W344,71.00319494396007,75.02122623131402,22.76103976645178,49.59206928405981,59.703950886855026,51.799346352053504,65.05696547737983,75.60610318701129,86.9999141034059,113.6797667012473,83.12597561231982,82.59577209821327,92.74782399266846
W345,47.702662392941974,44.55151128609439,82.6903248323224,72.28882603660128,89.45750974624764,29.434312039692735,27.023606455745373,62.16568925560952,106.19992176786198,60.064293191754075,63.301295210880276,87.97288768208644,111.59125940625904
W346,59.1407616623256,50.83300995908064,96.98239093709218,20.390399999141717,67.41929614546554,90.67318119695037,99.47825212389397,58.0912577900066,170.5903219913867,109.60307921256137,88.47623015674877,136.44728697238747,132.8403187656144
W347,82.41304324255955,60.87410568439585,47.74861780329363,39.49637812034163,91.99508433674588,43.42397441650185,55.904787924425655,66.17077275882448,30.136714158149385,63.2060866956262,44.28499339082026,105.57753316106125,74.98873803612115
W348,120.1023166902912,53.002081529879554,82.76695364093092,61.834627579334516,44.65104662407142,77.12531963061815,50.95233721945436,70.91969068248962,65.39582953350315,70.65736997829745,64.13470432125665,159.76376876970554,156.7027629730088
W349,106.42330692040638,47.71748145989055,55.41002537109147,36.525254478921816,36.366959613088426,56.664044715321836,27.04740996149163,104.49235868174756,93.9967369294008,94.28880675682021,85.93989282996,64.94627551869308,54.88731765512863
W350,91.2645336802581,67.99471644179434,75.79176940555625,121.80997310462708,164.58139645020623,102.28575036570334,72.88176662410157,183.81360007491287,200.8265779183,143.96460548820698,113.07387313886873,295.94522484849284,111.85980420150929
W351,48.33811933919235,4.031719360272964,15.95405977721657,33.48464360344906,21.478367992587355,33.04345600304237,14.689738118836553,37.208694845761435,49.76493440038878,43.47953895224743,79.15685312798254,44.744550138815825,44.357364843676166
W352,21.43416507587825,10.99458387866495,28.764773771207523,9.730107334968098,18.48748284995828,15.499836519178173,19.773849471271372,19.118001228652297,9.449397233620283,27.5300342648715,30.222621485507354,35.65999473382254,52.078644520246975
W353,40.845500535554706,32.92525363987347,36.53894185831058,33.6549852863584,15.908514728754524,11.74638427346899,40.086801127366094,37.17947533922447,32.15577900043787,67.11274683787724,18.687667330354557,39.610744265287394,44.238029139248454
W354,45.84606902723514,48.03050350168104,64.37880512831843,39.51848316294541,72.1036728936189,26.772012772202938,43.935199394961145,51.02744051365892,109.68850019657947,134.74432205245242,102.18078622287561,65.55327812645983,157.19342699879348
W355,43.253233358906286,41.032351052249005,63.09302067186205,23.857448202814997,76.79253849089118,44.62802193969621,31.380025149368475,35.92304122182582,38.940645726862364,59.677841708627454,68.78215832430668,52.16959456546505,88.81944674591261
W356,71.87651855526259,94.54215454163815,58.86995637419823,74.08017188998681,28.322304909293713,35.39276432584774,89.37766436098553,109.6898448763604,50.07790677659165,64.1612461225622,90.17067659929688,93.43854768442742,124.46737712750287
W357,56.55438681371237,40.066884686733616,47.971439791036055,81.98488419519786,40.91093930417638,62.3127550616646,75.30010687492421,61.59625567658317,66.02558823384307,105.47286381458508,124.01354243186498,92.85582237870172,102.6374498581049
W358,155.8634147126098,63.738089758008925,58.53426190595555,62.3475895263804,81.55974548758715,137.0285022426903,107.0566671219032,46.80096409931088,167.81715161970186,143.6181842451538,159.15775100391735,173.96202148924627,171.24592022622053
W359,82.08696957724167,41.63424370785419,43.033773607191264,82.33238450634103,89.581769020683,74.48607981696985,61.07125901150234,60.45707660915309,54.767838132885934,84.83959201045239,26.386198894971567,88.1811051416345,110.44308826551796
