W1,38844.8775,38555.2014,38133.6388,37875.8299,38072.5402,37730.097,37285.0832,36978.8125,37140.7305,36591.9821,36290.8363,35521.1508,34787.6391
W2,3732.6386,3735.5152,3733.6962,3727.2319,3740.9745,3737.9144,3726.9131,3729.7608,3745.8477,3736.2953,3710.7465,3677.5936,3657.0699
W3,9688.3838,9779.9318,9755.2013,9672.1325,9672.4118,9794.0197,9818.0851,9756.0611,9726.8335,9826.8634,9843.4362,9829.7054,9792.659
W4,2460.4323,2575.7568,2677.6559,2927.3653,2872.8829,3187.5851,3001.5926,3623.1921,3323.5359,3340.1089,3406.6359,3592.9975,3945.0261
W5,1892.505,1892.7958,1947.1692,2057.3729,1980.2245,2243.8115,2305.6843,2382.3523,2347.7656,1990.8927,1947.7299,1777.5196,1656.4687
W6,624.2375,690.341,666.2617,788.0064,869.7691,1050.5277,1039.4955,1019.7562,1289.7024,1188.1282,1073.6597,910.148,772.6462
W7,3584.87,3359.159,3406.5578,2882.9544,5092.4575,4848.7152,4897.6009,4048.6657,6468.0419,6754.2844,3894.4456,3021.5798,3088.3456
W8,4086.8274,4695.4855,5989.5207,4756.265,6465.3254,5523.8015,5269.1833,4403.3755,4590.6026,5653.9096,4076.414,3333.5501,3097.7747
W9,8553.696,8297.9059,9302.0795,8629.4784,9705.7919,8631.8035,8951.3974,9813.5937,9353.7495,9611.9472,8062.2713,7341.0872,7154.3452
W10,5009.6773,5078.7289,5087.8002,5175.3437,5158.3874,5150.0162,5144.0408,5177.4743,5173.265,5134.0819,5101.3406,5139.4564,5135.3368
W11,392.0387,382.9593,398.1569,390.9154,384.2618,384.5235,381.2658,384.4356,382.7859,384.6033,384.7158,384.6681,387.465
W12,1047.2984,1045.0878,1046.3134,1046.6661,1046.0302,1046.0673,1046.2337,1046.29,1049.3029,1049.3293,1051.8919,1052.4481,1051.6159
W13,2326.1041,2335.2955,2345.9621,2349.8183,2334.2156,2339.3083,2346.261,2339.0311,2342.5447,2324.1979,2356.9572,2372.4032,2368.8507
W14,2289.7332,2303.9227,2318.4289,2309.8168,2309.1136,2321.5708,2324.3339,2327.0572,2346.0796,2338.8668,2360.265,2402.5745,2322.2804
W15,3944.9055,3880.7755,4073.2094,3911.0492,3813.8638,3896.7707,3823.7881,3717.7677,3762.9907,3983.8963,4244.828,4670.4948,3908.9154
W16,3913.4102,3927.8814,4065.9346,3888.29,3794.9566,3883.6004,3800.7557,3693.5299,3767.7684,3980.8049,4242.3193,4672.1263,3906.1104
W17,12080.5371,12069.5768,12052.4103,12017.5184,12043.7924,12030.3353,12044.6421,12033.4302,12025.4243,12032.0568,11993.7064,12003.1128,11965.3439
W18,4355.0795,4359.9449,4370.4376,4379.8184,4417.4863,4406.972,4409.0879,4409.9691,4419.7598,4434.2766,4433.9367,4439.8827,4425.365
W19,2970.5421,3423.9375,3047.3817,3402.6382,3092.1926,4240.6499,4715.2868,5280.4745,5161.8444,6501.9991,6361.9702,4117.5302,3194.3495
W20,4039.5075,4178.7642,3905.0474,4035.7844,3563.0031,4305.942,4124.762,4125.6703,3549.4629,3984.6837,5048.8903,4584.6416,4340.0091
W21,2791.7173,2790.9402,2823.4539,3149.6805,3443.5403,3347.0396,3347.0514,3526.1861,3805.116,3498.8287,3425.2281,2478.9572,2100.3564
W22,3468.1523,3544.2493,3582.73,3664.1153,3451.27,3752.3792,3729.2106,3955.2159,3491.5168,3901.7525,4342.7303,3814.3502,3512.1104
W23,750.1561,785.191,737.4943,745.376,653.9642,747.6821,760.0989,767.9941,695.7902,778.2342,902.7562,835.275,779.1853
W24,6609.4794,7851.4432,7173.9864,7645.8725,6866.0369,11202.6895,9647.6558,9741.8178,9802.3684,16093.2955,16046.191,10051.5322,7344.0652
W25,1607.1698,1819.1018,2010.8049,2228.2045,2286.2373,2649.2078,2512.5023,2456.044,2352.6239,2407.41,2455.1557,2024.2212,1848.3316
W26,3450.2289,3784.8913,3860.9287,4783.7232,4682.3596,5737.4827,5740.7301,5883.0905,5599.3155,5922.1547,8351.0602,4824.4075,4399.7613
W27,2324.9571,2654.6931,2414.8578,2808.0182,3083.7903,3252.788,3252.4343,3475.5472,3218.448,3421.7005,3250.4267,2772.6883,2663.0188
W28,4088.482,4044.8894,3991.2678,4675.4032,5886.6001,6899.9973,7349.1308,7756.3316,8477.0687,7509.3446,6251.9199,4406.545,4269.8253
W29,1033.2898,1201.5334,1118.2887,1177.1612,1143.1601,1646.6521,1497.8478,1464.9333,1301.1964,1676.9261,2006.4204,1368.9827,1088.2698
W30,3948.1033,4181.9406,4156.0349,4498.3015,4944.4482,5582.6839,5479.6672,5700.5808,6925.0762,5738.341,6072.1667,4964.5001,4468.7132
W31,872.4011,969.7438,1124.4637,1334.3963,1465.3972,1610.0863,1387.0184,1673.0442,1678.2167,1621.2878,1477.5751,1172.8487,1053.9551
W32,5261.5615,4769.2315,5942.5419,5502.9568,6782.9987,6008.7427,6306.6245,6535.5926,6977.3529,6436.6022,6174.093,5114.032,5097.03
W33,1909.7483,1919.8249,2180.5596,2248.086,2876.669,2508.18,2500.9381,2769.8185,3147.8209,3140.408,2260.9395,1936.327,2070.3965
W34,1588.1335,1551.3603,1720.3232,1529.6687,1947.3964,1818.7887,1940.3044,1674.3054,1755.3247,2229.762,1619.0339,1391.0302,1379.9316
W35,1533.8129,1687.3434,1817.8809,1564.9928,2276.9766,2273.057,2029.3865,1856.3332,1809.9416,2716.1792,2293.1994,1739.5457,1774.3789
W36,16777.8591,14194.9343,13094.5845,13286.1492,13307.0276,12980.2707,13674.2105,15053.2711,16057.0996,14870.3575,13971.1932,15310.4626,17608.347
W37,2925.8533,2930.7187,2929.4942,2930.9848,2935.8595,2938.2686,2935.5031,2938.5271,2938.4891,2940.0355,2941.6326,2940.079,2944.4395
W38,3099.5645,3100.921,3099.7762,3100.1624,3105.0649,3106.2395,3108.7377,3110.4822,3115.0317,3116.4165,3114.2155,3114.0007,3120.8307
W39,5779.823,5778.5085,5780.2832,5786.3426,5803.5499,5807.6293,5814.5157,5821.6888,5827.7889,5819.0581,5817.8195,5814.1675,5827.8318
W40,5772.134,5772.9213,5773.8512,5779.8327,5797.5759,5802.5713,5809.4889,5817.0744,5820.3649,5815.7042,5815.4273,5812.3941,5825.3412
W41,6221.7691,6238.6416,6222.8759,6229.4528,6243.0834,6244.2238,6263.2984,6271.9705,6297.5721,6325.2196,6303.2862,6284.7496,6287.2347
W42,6231.0421,6240.525,6229.8538,6233.2877,6249.0185,6255.9086,6275.5249,6276.144,6303.504,6336.7679,6321.1674,6296.742,6297.4953
W43,6230.2642,6243.4245,6229.957,6234.9506,6249.7355,6253.7716,6273.1399,6277.7509,6304.2237,6334.7272,6315.9978,6294.4774,6296.1895
W44,5766.063,5768.3351,5768.5875,5773.9857,5790.9274,5796.3743,5803.4624,5810.9558,5810.9483,5809.8371,5810.6099,5807.568,5818.706
W45,2943.0613,2954.2995,2953.9582,2956.5254,2950.4647,2964.9752,2960.0535,2965.0477,2960.9437,2964.6605,2976.5072,2979.8335,2981.7027
W46,3261.8632,3255.9298,3255.5474,3253.7384,3272.9941,3273.1463,3278.4858,3273.6951,3276.5774,3289.6197,3288.0362,3289.4713,3285.1278
W47,2941.7963,2952.9924,2952.6854,2955.308,2948.8815,2963.7413,2958.7032,2963.7157,2959.6939,2963.537,2975.2222,2978.5477,2980.4332
W48,3031.8183,3034.4807,3028.7138,3032.3508,3029.8903,3036.6525,3037.1723,3040.5037,3043.2155,3040.1842,3046.4947,3044.2965,3046.0226
W49,3255.0962,3260.2606,3263.5867,3253.364,3256.2047,3254.1365,3249.4075,3252.3459,3240.5219,3254.8631,3242.9818,3240.5958,3253.3911
W50,3256.541,3261.5825,3264.9365,3254.632,3257.6167,3255.3182,3250.6503,3253.7979,3241.9342,3256.1099,3244.3106,3241.835,3254.6478
W51,6646.1368,6647.9269,6656.2789,6641.5443,6630.6452,6610.2896,6606.4198,6628.4488,6631.988,6631.8512,6636.1166,6639.4137,6645.3264
W52,7219.1385,7208.0105,7203.9892,7199.3187,7176.7276,7189.0632,7178.9273,7220.0453,7204.8023,7193.0205,7183.6712,7193.1743,7180.8603
W53,1802.0893,1852.3753,1886.1971,1899.9916,1891.4816,1874.9903,1930.8802,1986.2765,1994.028,1940.1055,1926.177,1913.6667,1871.248
W54,2482.9183,2483.4899,2476.8797,2471.6189,2468.0414,2478.4774,2479.3597,2489.3852,2497.3737,2501.8948,2508.8121,2504.2049,2499.3295
W55,4675.3256,4689.1348,4669.032,4639.7647,4630.4952,4639.9286,4654.8601,4649.2136,4639.3079,4659.515,4662.4136,4651.034,4630.1483
W56,3037.401,3110.6992,3183.5111,3261.5835,3338.0182,3418.8061,3505.0624,3582.4199,3645.1116,3702.3684,3732.6568,3756.075,3754.4664
W57,2044.7673,1937.1048,1856.0856,1800.124,1735.0984,1666.5147,1629.3185,1584.7708,1497.9463,1455.6518,1448.5006,1447.9279,1432.3839
W58,3511.4544,3513.7531,3485.7681,3482.4305,3482.8838,3494.6968,3529.6514,3531.2571,3506.3936,3491.3085,3457.1672,3452.965,3472.7069
W59,2056.9337,2030.2418,2033.5735,2030.1405,2057.8858,2044.281,2027.1164,2038.8041,2054.6956,2007.2822,2026.2587,1997.2242,1979.6515
W60,9026.3527,9024.3419,9020.1063,9034.6836,9035.8344,9029.337,9025.6243,9029.4238,9027.2242,9032.9057,9031.5915,9028.3956,9036.5739
W61,10152.2012,10857.6128,10870.3312,10390.3022,10373.0343,10828.0371,10884.8927,10629.4461,10558.1494,10657.727,10668.7564,10310.2338,10400.5168
W62,7126.6855,7115.7165,7127.1768,7129.751,7135.0732,7189.3438,7192.9415,7364.7243,7354.814,7517.2235,7499.5822,7569.0833,7517.6135
W63,6017.9998,6092.372,6118.8411,6027.3379,6021.0606,6193.6025,6200.5979,6335.0875,6315.11,6429.8453,6402.7567,6524.4374,6475.3802
W64,13250.9768,12798.1639,13168.3423,13653.6045,14068.143,13076.7234,13304.1282,13781.9442,14256.9414,13187.7541,13441.609,14062.9179,14352.3687
W65,18595.7929,18015.526,18439.4371,19028.6349,19531.3022,18343.0387,18557.9723,19127.7439,19705.2209,18538.1691,18806.4563,19558.7209,19970.6158
W66,7394.1988,7445.6915,7427.5418,7358.6735,7361.0254,7491.565,7511.5305,7447.9415,7424.7829,7552.5695,7551.8996,7487.9743,7421.9985
W67,13154.6578,13170.9803,13213.294,13264.6491,13295.3233,13306.1231,13335.4896,13365.3495,13389.2954,13404.452,13444.4157,13470.5078,13476.4005
W68,7033.0363,7020.7046,7006.3837,6990.7214,6973.174,6952.18,6948.6151,6932.7384,6924.9688,6920.3313,6896.9283,6874.8573,6840.5193
W69,7036.8543,7016.512,6994.7057,6985.043,6961.0344,6952.1064,6936.6364,6919.3906,6905.1978,6915.9229,6898.8686,6891.2048,6901.2561
W70,2565.8737,2554.2498,2547.9832,2541.8636,2530.4436,2519.0676,2517.9957,2508.608,2499.8396,2490.5124,2478.2166,2469.8428,2462.5011
W71,1909.6075,1894.5781,1884.885,1865.7772,1854.0919,1856.0146,1845.5514,1823.6823,1808.9041,1795.2482,1779.2141,1774.8983,1747.5647
W72,1913.7538,1899.0732,1891.04,1872.8162,1860.4613,1863.7822,1854.5129,1831.6475,1820.3429,1805.2883,1793.9494,1791.1792,1743.5249
W73,1921.6328,1906.8954,1893.5607,1875.3501,1863.4512,1866.7466,1855.0239,1832.1363,1820.4714,1805.3587,1791.7758,1788.9391,1736.4484
W74,4116.0305,4108.7345,4139.977,4265.9924,3839.8118,3787.0883,3976.6185,3800.439,3739.1986,3951.1837,4268.2378,4612.4265,4988.1248
W75,24302.5411,24444.3721,25048.1617,24790.7083,24671.1941,24677.297,24618.605,24211.8705,24552.4334,25703.169,25568.1549,25689.0152,25182.1295
W76,852.5674,828.4211,806.6805,782.783,756.0615,732.165,709.0597,685.1633,658.6479,634.7515,611.6461,587.7497,501.6592
W77,3496.4216,3568.424,3662.544,3641.8406,3602.6182,3657.7265,3620.7194,3679.154,3691.006,3466.4972,3492.971,3554.7813,3574.6722
W78,3461.8311,3444.6269,3483.6811,3498.6134,3491.7936,3500.6032,3534.7151,3594.6402,3508.8929,3585.5627,3527.8625,3580.6285,3588.4156
W79,1462.3897,1414.4349,1441.4226,1424.9025,1417.0614,1417.4251,1397.2954,1403.6052,1426.5192,1434.4258,1463.5036,1485.4886,1513.4493
W80,1477.6171,1496.046,1491.5671,1469.0701,1470.944,1464.7096,1472.1402,1480.6792,1484.4991,1506.9987,1535.8083,1567.0699,1601.2217
W81,24605.8443,24753.3155,24987.1063,25206.6169,24908.1265,24770.6335,24807.7168,24368.6696,24470.863,25372.2852,25688.8932,25920.398,25430.3161
W82,4496.0557,4497.821,4511.9289,4516.8337,4528.1898,4523.2794,4530.3057,4540.3661,4558.5789,4557.7966,4544.5628,4515.9545,4507.3212
W83,5788.9242,5831.0749,5839.184,5818.0693,5827.4202,5835.1947,5835.1387,5821.0006,5802.3241,5834.9477,5798.087,5792.5064,5805.9483
W84,5809.2518,5832.3527,5815.8415,5820.7222,5822.3106,5851.2708,5824.1924,5822.7034,5812.9187,5834.6263,5789.5364,5786.7838,5795.7756
W85,17375.9262,17351.3566,17352.3099,17365.5544,17336.1986,17343.561,17358.1143,17330.1423,17290.5367,17264.6205,17228.9934,17181.1751,17106.4886
W86,17348.7623,17350.6041,17358.372,17369.735,17346.9687,17381.7144,17358.7125,17328.5974,17302.0301,17273.2983,17225.5129,17184.6658,17001.6591
W87,1057.9043,1056.3144,1055.0823,1053.1677,1054.6433,1052.6698,1052.103,1050.1118,1050.1615,1050.557,1049.7987,1048.0551,1047.319
W88,12009.5415,12033.58,12043.3746,12052.2807,12077.2395,12103.8573,12101.5156,12131.3173,12124.7801,12098.1512,12099.8202,12096.853,12072.4281
W89,1223.0991,1232.1633,1229.3598,1229.4007,1229.7178,1233.7618,1217.1901,1220.8791,1222.1811,1229.8332,1223.4638,1210.5639,1206.1282
W90,1877.3038,1880.3288,1884.1918,1882.1838,1883.4915,1885.8674,1883.2003,1887.4901,1892.8398,1892.7576,1883.2606,1885.4997,1877.4177
W91,19969.1766,19997.5331,20034.8089,20040.5835,20014.7094,20058.9725,20037.9533,20122.2961,20059.2543,20080.5526,19978.8856,20101.4987,19966.105
W92,24565.4688,24791.3792,24627.4864,24809.7915,24891.7121,25044.8369,24815.0638,24918.5462,24808.0252,24764.7247,24344.5604,24088.9228,23197.1432
W93,1734.9792,1728.2851,1728.9168,1740.1231,1745.4853,1742.7521,1738.1474,1740.8345,1744.3411,1743.4356,1738.244,1738.281,1745.2235
W94,1883.1726,1879.1408,1877.2589,1873.6763,1874.0876,1870.6191,1867.5055,1864.8451,1863.3068,1859.9049,1857.1742,1852.6928,1826.9084
W95,1628.5369,1627.9826,1627.9696,1626.8811,1627.5363,1627.2492,1626.6449,1626.8735,1622.5083,1622.3299,1621.9753,1620.7133,1598.0852
W96,11335.0499,11353.9421,11350.6817,11381.1785,11425.2659,11434.7765,11436.9476,11441.1395,11446.0058,11420.8754,11403.1979,11393.3661,11371.8627
W97,491.1762,503.2845,504.1061,501.3914,501.8474,506.9619,510.4562,514.3286,512.2743,510.434,504.3359,505.99,501.465
W98,629.0494,635.2214,637.2091,640.1432,637.3268,641.8253,643.2395,649.3149,645.9831,643.3203,637.7535,637.4068,632.3072
W99,15660.846,15640.3218,15636.7348,15612.2973,15622.9152,15603.7411,15627.4093,15618.658,15593.2715,15554.695,15538.9685,15546.6218,15544.4082
W100,11498.6823,11477.4667,11437.8297,11415.1882,11431.5241,11444.7838,11399.8109,11377.1352,11366.33,11324.6693,11336.7959,11314.679,11283.2285
W101,9775.6142,9807.0984,9783.1422,9796.0817,9837.5223,9853.4827,9845.0588,9837.5491,9857.152,9875.7387,9883.6374,9886.8069,9882.4884
W102,15721.5386,15779.1165,15785.8015,15817.6007,15845.3707,15898.4971,15891.8751,15970.3117,15971.0309,15890.799,15900.5188,15907.2344,15882.7025
W103,4124.7359,4149.809,4125.4346,4141.4156,4143.1061,4142.5798,4115.7003,4119.3079,4107.0395,4097.9856,4077.4467,4080.3673,4077.6517
W104,1075.7128,1070.6488,1067.7408,1064.2095,1063.3626,1059.0012,1055.5575,1052.3077,1049.3513,1045.5475,1042.115,1038.3026,1032.5366
W105,9158.6342,9166.4817,9177.4693,9180.3151,9185.2206,9184.6135,9188.3153,9199.7138,9185.7339,9195.479,9185.0355,9184.2163,9169.2612
W106,2153.6584,2148.356,2149.03,2159.4609,2163.7581,2162.4267,2157.3628,2159.8723,2163.0633,2163.2593,2157.3136,2158.1312,2165.2158
W107,23610.2567,23703.0287,23745.3162,23795.0874,23824.1147,23827.2537,23861.2391,23871.6888,23868.8788,23888.0503,23929.8803,23952.5786,23978.6612
W108,16099.2233,16152.9799,16121.63,16134.6911,16172.8449,16196.1279,16179.9804,16183.7482,16177.2258,16152.1522,16113.5597,16096.4433,16037.4154
W109,14336.3829,14393.2921,14362.3879,14380.7147,14409.588,14448.2453,14423.3701,14433.1387,14424.2742,14399.9476,14359.0463,14346.3245,14287.6555
W110,7131.6394,7146.6427,7144.4275,7152.2816,7176.3548,7197.8257,7219.0984,7233.875,7258.6875,7290.0852,7296.9598,7308.8214,7333.8547
W111,1044.2532,1042.7801,1041.6635,1039.7431,1041.3318,1039.0755,1038.5103,1036.6812,1036.608,1037.4364,1036.5956,1034.7041,1034.0311
W112,9509.6167,9525.9477,9530.2055,9544.6508,9559.9985,9576.1631,9565.8631,9583.8775,9584.8307,9570.2607,9576.8886,9573.6945,9542.478
W113,746.0594,749.6573,745.9058,744.457,744.8017,745.3789,733.322,732.5431,735.7801,740.072,738.2825,735.5949,734.885
W114,10498.9368,10496.0875,10504.0221,10494.248,10500.3749,10495.7962,10464.2696,10469.3732,10516.1947,10544.7542,10500.3674,10506.0911,10528.473
W115,11252.3043,11262.0989,11270.7942,11281.7366,11260.5714,11276.8305,11238.6542,11287.0109,11264.5217,11300.5146,11263.2479,11362.645,11346.2597
W116,15330.1738,15276.3075,15030.8094,15069.2279,15472.3058,15389.2234,15174.288,15143.4566,15307.3934,15191.263,14908.8871,14463.3075,14089.2902
W117,6980.5151,6989.4583,7009.8434,7009.222,7035.7131,7057.6594,7052.1125,7071.8287,7127.8535,7192.641,7220.2359,7212.5678,7184.7515
W118,1735.0102,1727.4244,1727.8771,1739.6331,1744.6587,1741.3605,1736.7774,1739.7596,1743.3441,1742.1685,1737.0762,1737.0755,1743.9849
W119,1037.0385,1036.5173,1036.045,1035.3082,1033.4865,1032.8245,1032.217,1030.9787,1026.0728,1025.0442,1024.189,1024.538,1022.6706
W120,862.0291,860.5066,861.1347,862.007,860.6878,859.9943,858.773,857.407,858.6827,857.8991,857.7134,858.7675,850.011
W121,10410.1419,10409.2263,10405.1266,10408.7718,10472.8322,10454.8727,10458.0102,10444.9737,10472.7717,10427.265,10417.1746,10375.1239,10351.6642
W122,367.8944,371.9838,376.4783,376.8541,373.289,376.3135,374.3111,376.8353,372.7703,370.303,370.5383,375.4205,369.2319
W123,475.0249,479.1116,483.0111,484.4803,480.7697,484.2232,483.4191,487.1135,484.082,481.5142,480.537,485.2021,481.6248
W124,8623.3795,8621.5216,8632.1993,8616.1097,8621.4802,8603.4955,8619.1511,8623.5944,8609.9822,8597.8816,8596.7199,8603.9404,8604.9398
W125,10970.0158,10957.9521,10915.1582,10842.8878,10886.0343,10858.7336,10823.619,10784.47,10780.5104,10717.0408,10732.4524,10690.403,10637.0811
W126,9490.0524,9519.4371,9495.2237,9504.8594,9545.2779,9561.8585,9551.7313,9548.1592,9573.682,9590.5502,9597.558,9598.0499,9596.5254
W127,10609.4901,10726.0589,10743.7019,10850.5441,10784.3399,10888.6278,10902.4309,11011.2451,10967.763,11017.8945,11050.5086,11122.4492,11147.3386
W128,3629.4321,3638.0031,3627.1425,3635.2858,3642.8639,3637.223,3614.2368,3616.1632,3607.1623,3597.3144,3572.9287,3571.5035,3566.5861
W129,1054.7088,1051.4269,1047.0436,1043.9644,1042.6595,1039.5562,1035.1428,1032.2171,1029.6654,1026.6807,1022.9031,1019.6496,1014.9994
W130,8157.5019,8166.5441,8175.2045,8180.486,8181.9412,8185.0285,8193.6272,8207.5829,8191.3847,8205.6233,8199.2192,8193.6746,8188.8151
W131,2153.6385,2147.302,2147.0649,2159.0948,2163.9343,2161.1114,2156.8792,2158.7768,2162.1051,2161.8322,2156.3349,2156.5262,2163.0078
W132,22353.7698,22435.3991,22477.3049,22519.6008,22545.9291,22546.2111,22580.866,22583.9031,22580.7803,22587.2771,22629.8121,22654.0595,22677.6216
W133,13802.127,13848.9559,13824.6869,13849.8793,13883.0119,13914.8298,13907.5861,13926.8636,13920.4292,13918.0059,13902.7364,13895.5826,13884.2567
W134,12102.3302,12116.3729,12086.082,12102.2469,12151.4645,12154.9119,12140.2207,12134.6367,12148.4496,12119.5504,12103.8384,12065.7268,12045.7451
W135,6048.1024,6056.3992,6058.0426,6066.004,6084.1491,6095.839,6111.4944,6122.1442,6138.1762,6150.4505,6157.4989,6167.3199,6187.3192
W136,5964.7739,5987.6832,6005.741,6027.2585,6046.0268,6066.6876,6084.7714,6104.9046,6125.2852,6145.0937,6163.1874,6182.796,6196.8842
W137,7020.6718,7025.189,7042.7666,7048.0727,7048.8823,7059.828,7064.2656,7096.4493,7110.7042,7118.1081,7121.6148,7123.8053,7100.4551
W138,363.5223,365.6126,362.2412,362.7377,364.9623,365.3037,356.752,357.0356,358.5813,361.4534,358.2564,357.1656,355.9313
W139,7814.4668,7813.2119,7818.8194,7805.8492,7817.4609,7810.0877,7787.231,7797.9577,7842.4962,7862.6401,7839.4234,7841.9778,7847.2648
W140,8169.49,8203.2295,8215.074,8208.8683,8204.6809,8219.003,8214.3454,8253.8393,8228.8592,8245.6857,8224.7383,8256.3764,8238.2937
W141,11294.0969,11403.9254,11291.1473,11467.7322,11592.0093,11581.64,11424.5041,11658.565,11737.8545,11870.6316,11636.0289,11491.1782,11204.544
W142,5372.6439,5377.391,5398.4236,5387.074,5402.2823,5416.053,5413.0967,5425.0854,5470.2878,5510.8897,5529.3059,5496.1328,5464.4871
W143,11304.5107,11284.9786,11303.076,11333.5628,11350.2363,11352.6654,11353.4343,11356.8625,11363.2721,11360.4728,11343.745,11337.9463,11359.2142
W144,1010.4243,1007.5225,1010.1845,1007.4272,1003.4368,1010.5548,1021.747,1029.303,1023.2656,1019.9718,1011.6898,1014.6524,1021.1839
W145,8149.1184,8158.6858,8161.661,8135.9153,8110.5108,8135.8587,8273.1063,8351.3638,8305.7074,8312.8706,8196.4968,8209.8991,8322.5022
W146,6752.5405,6751.9641,6741.7793,6750.753,6783.7045,6766.0572,6765.2856,6769.5713,6801.5303,6790.9566,6785.5263,6758.4251,6747.3021
W147,143.2462,143.2517,142.9704,142.9654,139.9264,140.6742,127.662,130.5774,130.8248,131.8837,134.0581,135.0729,132.1937
W148,236.4981,237.4336,236.8387,236.1552,232.0675,232.9913,226.191,228.5518,228.4395,230.6544,231.5448,230.9499,230.8551
W149,4578.1069,4576.4681,4580.0999,4573.5259,4576.8964,4569.4437,4579.8039,4606.8466,4594.941,4596.6484,4591.2082,4600.8681,4607.5055
W150,8051.6041,8080.7965,8034.6495,8028.0644,8036.5918,8071.37,8033.9177,8054.7713,8073.6424,8075.6081,8065.3943,8063.9902,8051.2513
W151,6248.5178,6264.7643,6256.3263,6279.1728,6297.9852,6305.8117,6298.7818,6317.416,6341.6665,6343.6876,6340.6797,6327.8618,6322.0295
W152,8207.0676,8258.7657,8265.7646,8327.2196,8280.114,8345.3319,8360.6188,8442.7075,8471.3653,8497.2229,8521.9672,8534.8997,8532.9619
W153,2967.9971,2972.8546,2961.4905,2968.2213,2977.3067,2980.8918,2965.0059,2965.5434,2962.3189,2957.804,2932.3738,2924.4408,2925.6681
W154,9096.3395,9105.3975,9127.6463,9071.407,9073.4338,9033.9659,9055.1537,9031.1111,9047.4227,9050.988,9039.1782,9047.9619,9003.0421
W155,4551.0981,4548.0637,4544.6163,4554.6501,4546.715,4542.1213,4537.4442,4546.9227,4538.9936,4545.4667,4545.0971,4530.2797,4529.032
W156,5443.2522,5447.1903,5451.4179,5457.2359,5453.9101,5452.7025,5456.4604,5465.3306,5457.4746,5462.2247,5463.1346,5458.6244,5457.3209
W157,1429.1033,1427.4711,1429.065,1431.274,1432.5061,1431.5077,1431.7387,1431.8098,1432.2156,1430.7993,1429.6091,1428.7043,1429.9702
W158,16222.5928,16316.7301,16334.6648,16364.0018,16377.055,16403.2075,16448.6686,16479.7644,16444.0341,16467.6596,16509.8964,16542.3108,16553.9964
W159,9217.762,9254.0649,9228.4571,9242.8529,9261.1041,9275.9346,9268.4811,9293.8732,9310.1369,9318.5611,9307.423,9287.2749,9278.3429
W160,8022.8024,8047.1563,8017.1529,8024.0303,8045.1573,8055.99,8042.2636,8056.26,8072.3711,8080.271,8064.1248,8044.1943,8026.5935
W161,11911.4766,11985.9378,12014.8505,12019.3968,12027.9371,12040.5822,12077.9474,12080.0726,12049.4553,12050.3074,12109.9793,12112.8235,12113.5066
W162,4303.0035,4343.5553,4352.0091,4362.6736,4374.6928,4355.7297,4373.6683,4374.5473,4382.7659,4387.6431,4399.3599,4408.8582,4407.8133
W163,3727.3309,3723.0045,3719.2952,3714.3207,3717.4909,3714.0362,3710.2054,3705.225,3709.152,3708.4018,3703.1299,3696.8619,3694.2393
W164,24591.4848,24693.6112,24701.6694,24790.4235,24782.2384,24826.0714,24859.5362,25005.7214,25040.6814,25033.3622,25069.0593,25021.0929,25019.8151
W165,3810.6076,3834.2155,3834.2514,3834.8509,3779.9774,3803.9728,3761.8604,3763.8983,3767.5398,3788.8916,3813.9506,3837.6094,3838.268
W166,2678.6709,2677.8201,2675.2421,2678.8148,2673.7818,2674.6252,2667.2674,2665.7795,2673.7377,2679.1251,2664.0249,2667.8013,2683.3429
W167,3054.7285,3076.5726,3053.4289,3066.5258,3037.5785,3041.6195,3022.4599,3028.9564,3022.5637,3044.0744,3049.0672,3080.9246,3082.1087
W168,3594.7091,3646.8063,3583.0617,3653.6395,3775.3164,3809.0863,3727.0958,3823.702,3866.4763,3919.1857,3858.3628,3794.1648,3705.0638
W169,1620.9023,1623.074,1622.371,1628.3014,1634.5986,1640.4691,1634.2447,1640.0156,1648.855,1668.9904,1675.6215,1692.8635,1684.5354
W170,3552.3595,3554.2555,3554.7738,3562.8023,3569.5105,3571.5631,3573.1792,3581.9154,3601.6397,3618.0963,3622.6915,3631.1926,3627.7388
W171,5989.1787,5987.4462,5989.6911,5992.6554,5996.126,5996.2305,5996.6655,5996.764,6001.0143,6003.1047,6003.9521,6006.5233,6009.0779
W172,3641.5071,3652.0691,3654.9667,3664.7519,3679.0292,3691.7482,3690.6058,3696.0067,3691.3481,3687.1583,3685.0963,3676.2575,3672.818
W173,3636.5725,3683.7539,3675.4994,3664.3829,3682.5606,3763.798,3762.2012,3731.8595,3735.2901,3746.6349,3727.6383,3734.6053,3658.4617
W174,2794.1263,2802.8631,2804.1073,2797.5476,2796.5168,2803.9873,2806.0517,2803.2272,2801.2909,2804.6826,2807.2484,2809.342,2808.1931
W175,3238.9805,3249.802,3242.9582,3254.2348,3269.325,3274.6538,3274.5852,3289.182,3296.334,3297.0995,3293.2093,3277.4902,3267.8377
W176,2488.1779,2488.2018,2498.421,2503.3841,2507.3727,2510.0331,2510.3493,2517.7094,2529.0064,2532.6102,2523.5383,2517.3132,2544.8056
W177,6644.3133,6638.448,6661.282,6679.2255,6717.1744,6723.3421,6701.4141,6695.7354,6654.3651,6649.1649,6559.8094,6555.1535,6531.1506
W178,1514.6556,1514.5572,1514.4407,1514.8865,1507.4497,1507.2678,1507.8051,1509.4674,1502.0937,1501.7448,1502.5053,1501.0217,1480.2472
W179,2714.6291,2716.5095,2721.2907,2726.5279,2727.3509,2724.2426,2725.3934,2730.1428,2718.1176,2731.3644,2722.8786,2715.9093,2712.7912
W180,7174.3639,7174.8234,7177.6379,7181.8295,7184.5502,7186.0351,7186.6075,7188.4599,7191.9138,7195.1962,7197.1524,7200.9382,7204.3973
W181,8840.9006,8862.1599,8865.5823,8870.6232,8887.1825,8880.2539,8870.5936,8844.7599,8842.6823,8872.0898,8879.9695,8871.7503,8872.9064
W182,1310.5132,1306.2138,1301.8684,1297.569,1293.3348,1289.0354,1284.69,1280.3907,1276.5873,1272.2879,1267.9425,1263.6432,1260.6129
W183,6120.0606,6137.9871,6138.1577,6140.8218,6153.0268,6148.0551,6141.6822,6117.9496,6125.5679,6141.9435,6155.7366,6158.6072,6161.4989
W184,4592.1396,4608.2195,4602.1128,4615.789,4620.4308,4627.51,4625.1989,4636.0786,4635.2276,4646.3243,4645.8481,4646.9675,4640.8459
W185,4059.6933,4074.7472,4067.8651,4079.2477,4084.5191,4090.7213,4087.9429,4099.2057,4101.1009,4110.8075,4109.3353,4107.0862,4101.0308
W186,1752.5025,1752.7882,1751.7201,1751.4983,1753.062,1753.5135,1755.0563,1755.9706,1756.9375,1756.4726,1756.7087,1757.1971,1759.9111
W187,974.4162,974.9464,971.7561,971.0294,972.9911,971.1676,969.0078,969.2455,965.5878,965.2323,962.7167,970.6582,976.1867
W188,2318.746,2340.9886,2322.783,2319.6153,2324.9957,2330.3323,2322.3265,2307.6503,2299.1601,2324.1091,2316.4842,2318.2477,2331.8462
W189,2109.4156,2094.6834,2101.6205,2111.535,2097.4836,2063.7322,2041.9817,2025.9219,1974.4913,1879.9132,1846.2187,1903.5888,1924.7237
W190,469.6256,467.9563,466.455,465.9159,466.6305,465.1163,463.8302,464.9259,462.9456,462.4519,460.0941,465.3113,465.3198
W191,6789.6078,6793.8962,6808.3951,6808.3831,6804.4547,6804.4427,6813.5889,6813.5768,6813.895,6813.883,6819.2522,6819.2402,6806.6798
W192,1237.655,1253.9556,1245.4425,1251.9449,1261.1798,1258.9309,1249.1429,1246.606,1241.4861,1258.9191,1259.965,1269.7656,1281.2798
W193,5850.5318,5778.2276,5757.6954,5758.8898,5780.0216,5726.8179,5738.6639,5813.0458,5763.6302,5778.1202,5761.7079,5798.6583,5847.2836
W194,512.3728,512.8807,506.9292,503.3401,500.2849,497.9816,494.9411,488.1582,486.0099,480.9438,477.837,474.5558,472.414
W195,1104.3863,1101.6904,1102.3151,1100.018,1115.4015,1120.2013,1124.5107,1122.9285,1117.826,1135.6369,1141.6656,1157.4365,1155.7959
W196,11221.7068,11158.0976,11118.6735,11073.4235,11023.5717,10932.771,10891.4949,10843.8498,10811.7962,10841.5648,11048.7622,11153.7261,11042.1784
W197,3696.2966,3692.8122,3687.8647,3671.8256,3696.7202,3698.7877,3693.4165,3695.2395,3687.5944,3715.0535,3715.9806,3738.3468,3779.0516
W198,2462.9744,2434.6006,2397.7127,2395.3098,2382.0256,2341.3618,2311.116,2288.6249,2264.9319,2195.9906,2159.8922,2222.2127,2224.4878
W199,907.5413,898.7705,882.645,876.8121,882.5146,873.512,863.281,856.6415,854.2607,862.4458,862.803,866.5586,854.2619
W200,1963.3576,1977.6258,1947.8658,1955.7493,1968.6785,1948.0313,1919.5181,1880.7249,1729.4163,1628.0089,1571.2676,1633.0191,1714.1138
W201,2228.6534,2226.6222,2223.8378,2219.8918,2229.9309,2227.97,2231.2291,2226.5474,2216.8478,2241.6462,2265.7989,2292.4461,2259.6986
W202,4563.795,4577.5448,4569.9873,4568.3419,4585.7877,4578.3963,4572.3074,4565.5557,4542.2417,4573.4545,4577.1112,4620.6543,4652.6493
W203,5760.0004,5834.3832,5823.0028,5824.2726,5827.3894,5766.6658,5733.1876,5742.2115,5612.5968,5622.0184,5668.4805,5778.1825,5788.369
W204,7286.5207,7292.2676,7274.6144,7260.2659,7252.1561,7258.0151,7263.8445,7258.7922,7261.9018,7270.9243,7306.9971,7323.5277,7360.0351
W205,11453.4077,11662.0461,12116.8622,12452.5154,11944.0521,12157.766,12165.277,12002.7505,11830.9502,11897.3516,11980.1519,11947.003,11726.5609
W206,914.2892,917.7876,901.8221,887.1792,884.7953,892.9706,898.5587,893.0886,911.3247,906.2935,881.834,883.9723,884.4467
W207,9567.1033,9612.5047,9616.9677,9647.5328,9605.0777,9625.991,9629.4219,9644.0561,9640.3493,9650.8985,9653.9953,9661.8869,9667.4777
W208,27293.7336,24652.0657,23339.8111,23198.8457,22757.2055,22470.4457,24342.8406,25817.4142,26379.1541,24658.7672,24519.5064,26309.6192,28213.4113
W209,4154.2654,4154.3994,4150.9423,4120.3606,4174.0046,4143.5161,4142.5231,4141.0142,4139.708,4138.4111,4137.3232,4136.267,4138.733
W210,7708.6045,7715.8396,7747.9379,7764.3182,7788.3389,7772.3297,7770.0518,7744.5286,7733.9033,7764.5221,7768.2358,7769.1007,7776.743
W211,18321.5423,18393.4969,18434.493,18519.7015,19083.8491,19134.8302,19192.0664,19271.9757,19390.3542,19478.9356,19595.5824,19736.7876,19860.4993
W212,5476.1447,5471.9252,5585.3544,5645.3207,5492.9995,5472.2233,5510.9802,5504.4709,5446.4945,5403.5451,5401.4162,5417.2095,5348.5953
W213,3422.091,3387.3035,3328.1112,3353.2711,3363.2182,3339.6993,3336.3321,3350.7672,3345.3069,3339.7812,3347.2871,3346.7148,3337.4591
W214,1794.8091,1786.2959,1804.3848,1818.5206,1874.3024,1887.8811,1916.277,1930.0121,1928.06,1935.3275,1962.3386,1948.2754,1960.2556
W215,2337.007,2334.7509,2331.9925,2320.2309,2336.1463,2338.0436,2338.0139,2342.5115,2344.0521,2343.5574,2342.4799,2341.7681,2342.2957
W216,3135.3982,3131.6617,3125.7037,3109.5343,3125.9111,3127.3596,3125.809,3130.5488,3132.1698,3129.6908,3127.4218,3125.4242,3121.3547
W217,9775.8343,9755.7173,9916.6969,9933.3145,9747.3608,9893.5884,9702.7655,9980.2598,9821.1132,9821.3233,9750.1626,9612.9613,9641.3668
W218,9758.8339,9777.0024,9780.6318,9803.4453,9829.9037,9830.4375,9824.103,9818.9761,9823.6412,9822.1708,9840.9206,9841.7302,9815.6159
W219,1046.0434,1045.3777,1044.5758,1043.6393,1043.3873,1042.4741,1046.5108,1045.5432,1045.8682,1043.377,1043.3938,1042.4521,1040.0369
W220,1797.9351,1796.8784,1793.1054,1803.3349,1799.8177,1795.7019,1800.8508,1796.7869,1796.5434,1792.5507,1799.972,1798.0556,1795.5589
W221,6820.7338,6802.4513,6822.7151,6961.2466,6880.2709,6973.2032,6930.5655,7087.3072,7112.1522,7167.8221,7071.4005,7052.4778,7085.3749
W222,7566.4796,7619.6229,7799.1075,8143.3461,8362.685,8369.8652,8338.9733,8409.1808,8552.0833,8500.0763,8384.8924,8080.9017,7963.9466
W223,26257.0204,26133.3536,26512.4609,28575.5658,27548.958,30839.2929,28373.1153,28577.4533,27902.2454,27942.6168,28046.9384,28100.3733,27113.2398
W224,1863.6995,1907.3247,1939.6674,1990.1109,2040.5949,2134.1931,2128.1264,2371.845,2366.7076,2437.6203,2413.0017,2595.0641,2716.7197
W225,2079.5333,2141.9013,2162.9549,2185.8551,2204.9801,2370.351,2505.5213,2609.6722,2639.8802,2779.6776,2929.0669,2558.6075,2452.3362
W226,2860.3525,2931.5622,2846.8941,2812.2963,2765.5701,2860.7225,2807.6052,2874.5741,2831.0206,2928.1424,2965.5559,2960.2381,2953.1239
W227,1591.1501,1672.1381,1673.3241,1745.6117,1794.2427,1965.5646,1953.3957,2012.5573,2007.424,2232.3823,2257.5758,2041.5144,1989.8757
W228,7884.9569,7905.9797,8016.0459,7996.4004,7913.8148,8054.4576,8099.7827,8278.612,8301.8179,8511.9868,8424.8092,8435.4405,8324.1969
W229,495.4647,501.0851,483.7024,484.1476,456.7494,494.4184,467.4343,482.6363,463.3664,498.4464,477.2546,480.6168,479.3793
W230,3080.8998,3158.3202,3174.5654,3175.5481,3355.5678,3455.2433,3512.47,3596.865,3697.227,4051.0246,4566.0576,3957.6633,3585.0548
W231,681.5236,740.6336,797.6724,839.4886,914.3178,1018.3628,1137.1958,1212.5472,1263.6245,1363.2254,1439.439,1401.2454,1403.762
W232,1987.904,2062.6749,2152.0054,2237.507,2316.9361,2580.9231,2738.2926,2994.0845,3126.8646,3400.6726,3568.8456,3674.2942,3603.4915
W233,1134.3612,1153.9825,1149.4307,1264.9785,1290.7296,1438.9503,1468.1674,1521.3392,1611.9292,1772.013,1839.4282,1867.1653,1800.0695
W234,2081.8923,2090.5432,2141.2514,2170.1363,2196.7067,2419.9019,2629.7252,2750.6791,2848.2258,2581.9864,3158.6147,2994.4366,3018.1987
W235,513.2538,553.8059,597.4415,657.2446,690.3784,789.995,836.9018,891.4935,932.9813,1032.7561,1131.0285,1155.1245,1158.9351
W236,3428.7264,3502.7898,3549.6979,3644.4833,3676.5612,3923.0744,3997.596,4084.2335,4313.9267,4534.2967,4598.5712,4627.6028,4615.0365
W237,1259.9085,1284.6372,1291.6869,1314.9948,1337.9844,1419.0526,1443.6551,1477.8261,1502.876,1544.3561,1554.8741,1493.0006,1464.947
W238,417.9415,429.6907,441.6915,469.2472,511.9729,580.7295,608.4319,653.3149,701.7036,796.2808,850.0342,829.4059,807.1701
W239,3995.2926,4144.7674,4333.7353,4521.8881,4654.3281,5111.3286,5356.9712,5787.5625,6004.827,6621.985,7067.7883,6819.5388,6929.1093
W240,2832.2979,2928.4309,3038.714,3117.9626,3418.3989,3395.4868,3543.5845,3533.9488,3945.35,4051.6564,3788.4448,3735.5038,3704.748
W241,1153.0385,1183.844,1234.9347,1250.3473,1374.7451,1469.1225,1512.7553,1481.9567,1626.4837,1811.4665,1714.8824,1714.2559,1684.2858
W242,1659.746,1706.2426,1701.7622,1703.2488,1915.293,1980.8564,2010.8871,1986.0856,2216.7948,2360.1708,2041.2079,1974.9374,1934.6725
W243,1417.404,1597.2225,1819.5277,1981.495,2431.0246,2590.4646,2799.6211,2971.0744,3227.4545,3412.5461,3469.8016,3494.2157,3509.3277
W244,876.4341,952.7104,997.3926,1037.5829,1108.2097,1198.4165,1257.1973,1334.8588,1396.762,1416.1236,1465.2349,1484.5379,1469.7782
W245,2571.0458,2604.2851,2657.0773,2603.3921,2965.3467,3124.2214,3206.1047,3227.4831,3503.5303,3579.3887,3534.6098,3441.8888,3458.4402
W246,1348.6389,1411.5053,1478.4169,1517.7642,1705.337,1749.5702,1772.097,1789.7897,1971.4651,2081.9466,2159.787,2088.9373,2144.4352
W247,4929.5306,5045.2257,5204.3386,5379.3109,5889.9278,6021.0707,6108.5489,6141.7156,6612.9507,6815.2127,6471.4924,6422.271,6418.5415
W248,16146.8252,16864.1051,16910.9005,16464.804,16477.3805,16891.2491,16887.7544,17091.9305,17153.8348,16863.888,16828.5919,16964.4023,16975.8146
W249,24192.3638,23965.59,23558.1135,23635.3218,23639.8691,23490.771,23109.0429,23110.1894,23012.4377,23265.8734,22883.6218,22166.0608,21535.5605
W250,3266.3311,3209.6079,3248.501,3306.135,3361.7048,3252.9347,3271.0996,3325.5273,3387.46,3273.7385,3293.1997,3364.2858,3412.0565
W251,6870.7615,6882.1515,6877.7074,6876.418,6858.2766,6853.3617,6864.6956,6861.5924,6847.1221,6846.5345,6852.6885,6953.588,6946.9125
W252,8650.0333,8708.5615,8701.4228,8620.5328,8604.5003,8743.1421,8770.4741,8702.0042,8659.7141,8787.9838,8808.8691,8746.637,8672.3316
W253,12260.5725,12261.3573,12252.8649,12244.9584,12235.9305,12245.0672,12251.5055,12248.8804,12261.9925,12299.3338,12294.407,12296.7513,12295.2243
W254,5908.5076,5872,5891.8377,5960.4797,5953.1393,5902.6055,5892.3067,5955.7071,5970.0824,5947.5111,5938.9002,5986.1919,6010.202
W255,1945.5747,1954.9999,1951.5231,1938.8341,1924.0457,1902.6478,1894.5941,1904.3739,1921.1213,1922.6766,1919.1599,1932.8322,1957.1781
W256,2984.5119,2979.0381,3027.7293,2973.6742,2991.1209,2156.6633,2137.0895,2267.887,2477.8982,2588.1345,2685.6105,2718.7775,2842.7834
W257,3920.5109,3928.3194,3926.5429,3933.3136,3929.2256,3944.1952,3939.6334,3950.5473,3949.8604,3941.7907,3944.4176,3828.5504,3847.8144
W258,2129.8922,2128.4179,2129.224,2123.8137,2125.1418,2125.2574,2125.4482,2127.2356,2132.5686,2129.6931,2130.2259,2129.9863,2123.3811
W259,7290.9901,6648.8854,6965.3514,7266.9264,7819.6292,7712.3001,7723.6017,7603.9656,8273.7285,7699.0326,7205.4796,6963.4939,7121.9164
W260,585.2637,475.6585,536.7251,499.0143,672.9322,503.7814,504.4157,462.9705,469.9351,447.0443,534.4178,495.7007,479.1293
W261,4646.5864,4625.6747,4599.9387,4608.696,4674.7794,4664.7479,4658.7381,4665.6112,4752.31,4683.1318,4645.2898,4403.4466,4463.1936
W262,4474.602,4461.0662,4452.9121,4458.6976,4477.9737,4462.4969,4451.6742,4448.1115,4464.7404,4462.6463,4457.225,4415.9016,4413.1275
W263,2335.9612,2342.0484,2340.1485,2336.6157,2337.0071,2339.2794,2337.7246,2337.7394,2338.5267,2338.9886,2339.1198,2337.1001,2357.3677
W264,3928.8103,3918.1832,3919.571,3922.0741,3906.5423,3907.4648,3913.0179,3912.5622,3909.7691,3900.8849,3901.7834,3898.6363,3904.2919
W265,2210.8119,2210.0778,2209.2865,2208.5111,2206.3035,2205.526,2204.7511,2203.9734,2198.1431,2197.3655,2196.5906,2195.813,2197.9411
W266,2243.1775,2245.0129,2241.9443,2243.3354,2242.7765,2240.8522,2240.604,2237.7988,2237.8021,2233.9824,2235.0389,2233.4444,2236.7437
W267,3120.0656,3120.3726,3128.726,3130.0054,3123.9349,3120.7307,3132.5568,3135.1594,3131.9797,3127.7767,3123.7217,3124.253,3137.7303
W268,1391.3053,1389.2381,1388.2935,1388.4936,1383.247,1381.4706,1381.212,1378.8042,1378.8149,1376.4222,1375.3903,1375.4187,1374.7554
W269,1360.9334,1358.8862,1357.6064,1356.0603,1354.4254,1353.4846,1354.665,1353.9378,1350.9134,1350.5631,1349.3953,1348.8082,1352.0602
W270,7903.7432,7866.1569,7848.8433,7895.5853,7915.0013,7946.7874,7981.7375,7995.5415,7869.6052,7829.3614,7800.2886,7841.1801,7801.5212
W271,7564.167,7539.492,7544.692,7594.7372,7591.6374,7609.565,7644.4926,7652.6154,7523.3492,7488.1947,7489.8564,7522.0386,7491.64
W272,983.5429,983.0257,983.5279,982.166,983.8628,983.0211,982.7887,981.6924,982.4963,981.4897,982.6496,981.6425,978.6769
W273,6343.2408,6370.8708,6397.9704,6412.8968,6423.1081,6429.6842,6443.0358,6463.6153,6454.8548,6449.0112,6507.0385,6508.732,6531.4909
W274,823.2458,824.3647,824.3558,824.8096,821.4052,821.4142,820.8742,821.2392,819.316,818.6847,816.2621,815.998,818.5166
W275,8764.7751,8809.872,8729.2944,8772.0102,8734.1085,8785.9475,8777.599,8776.558,8661.733,8707.8845,8622.015,8658.5284,8666.3939
W276,10494.3612,10497.8851,10514.9223,10524.5765,10493.5025,10493.4839,10503.1937,10501.241,10486.3685,10487.3862,10498.8664,10500.494,10559.4384
W277,3202.6148,3195.3734,3194.2643,3192.5285,3201.5919,3190.2462,3191.812,3195.0409,3200.9171,3191.6829,3191.1678,3195.5379,3205.9865
W278,1343.9091,1342.1586,1342.1935,1341.0597,1336.4054,1335.5516,1335.1013,1334.2368,1332.7865,1331.9672,1331.5417,1330.5679,1329.4775
W279,1317.7462,1325.9601,1312.7487,1321.5933,1319.1188,1324.8187,1333.9659,1343.9205,1341.6031,1335.3476,1327.3412,1333.9432,1342.2671
W280,5343.0471,5316.0783,5340.2465,5332.929,5363.1641,5362.0475,5379.9527,5342.5161,5310.6815,5361.1161,5354.4505,5402.5878,5406.8443
W281,1775.0553,1783.3349,1751.049,1760.1474,1776.6993,1790.945,1771.782,1780.3895,1799.9167,1828.8745,1842.0289,1831.925,1855.8284
W282,2157.226,2161.0462,2145.9276,2139.9804,2136.9002,2140.774,2133.3696,2145.0864,2149.6386,2151.5659,2146.3485,2133.7793,2121.1871
W283,393.1941,392.0602,391.0908,390.1211,388.0548,389.7686,391.2397,391.2198,392.1574,394.5041,397.3467,399.2021,380.9699
W284,572.2807,572.7773,575.2813,574.1051,575.5978,576.9909,576.3068,576.244,577.5629,577.9419,557.4638,553.303,552.7257
W285,1053.2587,1056.0393,1055.8227,1054.6919,1054.7364,1053.6432,1054.8197,1053.1286,1054.0048,1055.6359,1056.9118,1059.0463,1144.2101
W286,10987.4357,11043.7176,10750.246,10667.7256,10834.1068,10692.9191,10713.7161,10596.5871,10660.5826,10550.9206,10572.3146,10534.831,10678.3405
W287,2228.3694,2228.9845,2231.2265,2231.3435,2206.3037,2210.686,2210.5104,2213.7132,2211.136,2214.7191,2221.352,2214.0678,2215.3456
W288,7828.1962,7834.6613,7799.5347,7763.9628,7748.9129,7754.1847,7739.9025,7742.7834,7736.9673,7717.975,7703.2297,7696.0461,7688.9411
W289,9706.7929,9695.4004,9712.9061,9729.5009,9726.5827,9783.2657,9780.5474,9761.3883,9736.5905,9742.8663,9754.7951,9880.9192,9930.0766
W290,14704.5019,14688.2205,14882.3626,15330.4323,15329.2646,15416.4165,15387.6755,15681.6575,15847.3537,16009.2347,15662.7512,15379.9807,15282.5949
W291,8470.923,8547.888,8530.552,8453.6954,8357.9917,8484.3539,8404.181,8329.1874,8329.4875,8433.167,8370.0685,8399.0208,8393.3278
W292,18495.1739,18542.2088,18445.7567,18299.5156,18104.1975,18296.2725,18062.282,17948.676,17936.9502,17949.3386,17816.5544,17885.8861,18019.9339
W293,1672.1255,1578.6246,1681.6317,1696.2788,1708.1839,1462.3749,1545.618,1595.8129,1634.0125,1477.7954,1628.6324,1629.9587,1936.2001
W294,1546.0305,1489.8197,1538.3581,1517.541,1513.4827,1505.7179,1503.9615,1473.7759,1528.0557,1557.8352,1544.0917,1538.0311,1525.4897
W295,2935.59,2923.3029,2923.5188,2920.8371,2915.0526,2910.6293,2906.8667,2902.6002,2898.2295,2894.0214,2889.8156,2885.5626,2881.317
W296,3083.8515,2835.0615,2961.0036,3071.9523,3001.2167,2940.307,2966.9043,2992.0145,2973.9801,2956.3559,2961.4026,2967.3403,2961.7807
W297,5139.2742,5121.5368,5154.3255,5188.245,5222.7959,5257.4699,5291.7566,5325.1515,5357.163,5387.3197,5415.1772,5440.3246,5462.3907
W298,3552.974,3496.2701,3532.8975,3570.7145,3609.3485,3648.3959,3687.4294,3726.0065,3763.6769,3799.9912,3834.508,3866.8021,3896.4712
W299,3268.8532,3082.553,3205.1577,3167.0913,3214.4046,3217.0663,3243.1533,3256.1742,3274.989,3289.1345,3303.7642,3315.7528,3326.4355
W300,1857.9566,1834.545,1868.5883,1860.1676,1846.2703,1852.2929,1852.956,1848.0976,1847.9432,1848.3868,1846.9042,1846.1367,1846.011
W301,2543.8677,2568.9226,2572.2835,2583.1932,2591.7062,2598.0432,2604.0093,2608.9789,2613.1617,2616.7422,2619.7544,2622.2839,2624.398
W302,2980.0945,2903.8916,2901.8992,2907.8277,2917.7605,2929.6559,2942.3998,2955.3387,2968.0504,2980.2314,2991.6434,3002.0876,3011.3932
W303,5486.4447,5400.0826,5493.6195,5528.2007,5557.7975,5606.786,5652.1603,5693.0494,5735.4003,5776.9,5815.7233,5852.2378,5886.0578
W304,3092.6565,2853.1498,2925.0159,3023.4418,3013.6711,2986.2959,3019.7158,3066.4529,3079.2437,3082.408,3103.3897,3129.2866,3143.5524
W305,3213.4187,3211.4486,3214.5138,3218.296,3221.7091,3224.5418,3226.8106,3228.5831,3229.931,3230.9191,3231.603,3232.0302,3232.2406
W306,2466.5969,2396.466,2457.3688,2481.0965,2483.2068,2507.2159,2535.7014,2554.2002,2573.1851,2595.8125,2616.4926,2634.8378,2652.8899
W307,3372.285,3199.0577,3255.0129,3272.6603,3291.0935,3310.0415,3329.2258,3348.3643,3367.1756,3385.3831,3402.7191,3418.9284,3433.7724
W308,2230.2729,2163.6438,2206.9593,2245.3955,2244.2583,2250.2318,2275.9821,2297.8415,2308.7984,2321.6527,2339.2153,2354.3984,2365.6316
W309,6232.006,6172.4138,6227.4567,6215.9199,6185.5683,6186.2887,6187.3353,6179.0212,6174.3552,6172.9478,6170.1206,6167.0917,6165.0359
W310,4365.1039,4460.2123,4451.3696,4437.6451,4453.1907,4442.2931,4448.2706,4444.6183,4445.3658,4444.0107,4443.1879,4442.0696,4440.8065
W311,4782.1459,4527.0909,4646.1684,4715.8254,4700.7584,4718.9779,4766.2716,4794.1743,4810.785,4833.8998,4856.8634,4872.797,4884.9227
W312,4150.633,4148.5647,4163.0286,4182.7052,4203.4499,4223.512,4241.9677,4258.2065,4271.7644,4282.2705,4289.4296,4293.0182,4292.882
W313,2027.9668,2026.4167,2024.8666,2023.3165,2021.7664,2020.2162,2018.6661,2017.116,2015.5659,2014.0158,2012.4656,2010.9155,2009.3654
W314,8195.193,8239.8176,8283.8907,8325.9443,8364.6458,8398.804,8427.3744,8449.464,8464.3353,8471.4094,8470.2672,8460.6496,8442.4565
W315,5191.4184,5164.3662,5142.0788,5123.7459,5108.6952,5096.3686,5086.3029,5078.1137,5071.4819,5066.1427,5061.8763,5058.5004,5055.8635
W316,2841.2778,2853.7637,2862.3427,2830.5905,2819.3152,2819.8798,2812.0897,2805.3013,2803.1634,2800.5881,2797.6502,2795.9273,2794.6514
W317,3826.9998,3836.3499,3815.9143,3792.0342,3770.6977,3749.7655,3728.7546,3707.8382,3687.0546,3666.3894,3645.8387,3625.4032,3605.0828
W318,3541.4189,3574.0114,3600.1427,3621.2767,3638.2035,3651.6344,3662.1626,3670.2854,3676.4172,3680.9032,3684.0298,3686.0345,3687.1139
W319,2129.7208,2141.6444,2200.7208,2214.2168,2213.7871,2231.8001,2257.4754,2272.1313,2282.8687,2297.093,2311.36,2321.6531,2329.6319
W320,2153.2372,2074.033,2059.2669,2037.4187,2011.8172,1994.7594,1982.0854,1970.9195,1961.787,1954.5488,1948.6164,1943.7188,1939.7046
W321,6010.1975,5977.6317,5951.1065,5933.6287,5919.7097,5910.6023,5903.5646,5899.0951,5895.8173,5893.9148,5892.6931,5892.2101,5892.1136
W322,2243.3805,2259.3667,2258.8858,2254.7036,2255.241,2255.0714,2254.4523,2254.2955,2254.2056,2254.1245,2254.1287,2254.1863,2254.2803
W323,4370.0971,4421.8005,4469.8719,4515.7488,4559.6976,4601.5432,4640.9317,4677.4372,4710.6151,4740.0322,4765.2869,4786.0232,4801.9413
W324,2426.0063,2384.924,2389.633,2399.5615,2412.2833,2426.3388,2440.8112,2455.0918,2468.7497,2481.4615,2492.972,2503.074,2511.598
W325,3849.4664,3846.3319,3955.8067,3948.914,3955.8379,3958.7907,3993.2334,4005.2317,4008.9426,4007.0443,4011.4513,4011.0048,4004.622
W326,3626.6771,3545.7523,3553.7429,3568.368,3587.063,3607.9362,3629.5682,3650.8764,3671.0224,3689.3496,3705.3418,3718.5952,3728.7999
W327,8684.1017,8727.8823,8808.0418,8887.5028,8965.5766,9041.5115,9114.5177,9183.7904,9248.5313,9307.9686,9361.3742,9408.0807,9447.4953
W328,2342.0814,2331.7745,2402.6486,2418.828,2412.1308,2427.8874,2448.3542,2458.8887,2467.5486,2478.3862,2487.6828,2494.2033,2499.2716
W329,9492.6272,9511.7449,9779.9829,9878.9148,9941.3814,10063.6385,10165.7335,10238.3923,10309.5904,10371.1869,10414.5029,10443.7224,10459.3423
W330,3440.69,3429.7117,3452.9387,3480.8164,3505.7944,3531.4591,3555.4391,3578.5437,3599.8931,3619.5274,3637.0224,3652.2366,3664.9188
W331,5703.5466,5765.9205,5852.8463,5893.2498,5932.3672,5969.7988,6005.1443,6038.0117,6068.0257,6094.8363,6118.1253,6137.6133,6153.0651
W332,3222.8018,3164.0665,3193.5707,3262.6387,3304.5897,3328.7933,3352.8311,3383.1033,3410.9495,3432.4017,3448.7679,3462.0904,3471.9977
W333,2641.5293,2593.3671,2596.7987,2605.4819,2617.1858,2630.3726,2643.9607,2657.1722,2669.4355,2680.3225,2689.5097,2696.7529,2701.8715
W334,3700.062,3594.9574,3676.1835,3714.3967,3737.3625,3775.0532,3811.8389,3843.701,3875.1069,3905.2944,3932.7528,3957.5282,3979.4773
W335,3982.1135,3970.212,3977.6172,3962.3824,3954.4786,3950.2638,3945.0873,3940.9433,3937.6912,3934.794,3932.2957,3930.1399,3928.2276
W336,1705.6983,1636.0816,1632.0132,1635.3248,1642.5431,1651.6674,1661.5142,1671.3563,1680.7245,1689.2989,1696.8499,1703.2064,1708.2388
W337,1600.6477,1603.1905,1605.4083,1607.3466,1609.044,1610.534,1611.8456,1613.0034,1614.029,1614.9405,1615.754,1616.483,1617.1392
W338,2025.9411,2028.3582,2030.5258,2032.4675,2034.2046,2035.7562,2037.14,2038.3717,2039.4656,2040.4348,2041.2911,2042.045,2042.7062
W339,3907.8328,3854.6946,3934.466,3924.1394,3895.4392,3906.5335,3910.8926,3902.8535,3901.6077,3902.6799,3900.4759,3898.5655,3897.7976
W340,6073.0666,5966.0816,6116.7628,6045.1343,5973.6985,6006.7858,5992.6572,5958.9085,5959.3593,5954.6724,5939.7904,5934.4939,5931.0035
W341,5227.7676,5093.1551,5004.3912,4945.0165,4904.6768,4876.8164,4857.2515,4843.2863,4833.1645,4825.7266,4820.1959,4816.0438,4812.9041
W342,1322.7492,1317.8199,1313.8256,1310.5491,1307.8382,1305.5848,1303.7,1302.1128,1300.7661,1299.6137,1298.6184,1297.7503,1296.9851
W343,3598.4523,3513.4765,3596.6019,3629.4944,3638.0658,3669.3224,3703.1565,3727.0586,3750.2047,3774.3271,3795.3019,3812.9429,3828.2776
W344,3401.9797,3282.4102,3351.5333,3425.4764,3428.2432,3425.6191,3448.2586,3472.3009,3485.0387,3494.6717,3506.0325,3516.016,3522.5192
W345,3137.1256,3063.7285,3104.8223,3114.2346,3091.5252,3081.5281,3081.5383,3077.7868,3071.8205,3067.6906,3064.5987,3061.2777,3057.9915
W346,5742.6496,5675.8732,5814.3456,5798.1368,5852.1432,5919.2497,5946.8798,5996.6041,6047.0032,6084.6119,6127.29,6167.1723,6200.7212
W347,3645.1643,3567.7135,3761.9934,3818.559,3790.4103,3819.2703,3870.589,3890.6164,3906.1156,3937.5667,3966.5928,3985.7871,4005.0633
W348,4297.7618,4324.3041,4339.4403,4347.7755,4357.2734,4365.0497,4371.315,4376.6493,4381.0633,4384.6752,4387.6153,4389.9721,4391.8256
W349,3282.8156,3281.2011,3275.8688,3281.2496,3278.431,3275.898,3270.8165,3267.0893,3262.4184,3257.6315,3252.0513,3246.3205,3240.2579
W350,5354.175,5147.8302,5085.7972,5033.4354,4985.6371,4940.0259,4895.4855,4851.4884,4807.784,4764.252,4720.8343,4677.5016,4634.2387
W351,1569.5489,1511.7333,1546.4439,1556.8216,1555.3266,1551.868,1550.8532,1550.8583,1550.4974,1549.8076,1549.1334,1548.5426,1547.9664
W352,1278.7745,1277.7104,1272.3386,1269.9202,1265.7474,1263.0711,1259.7055,1257.1221,1254.3113,1251.9395,1249.5397,1247.4122,1245.3388
W353,1810.4628,1715.7316,1765.5306,1739.2793,1742.9133,1756.3574,1752.4892,1758.8929,1764.191,1765.7218,1769.4451,1771.4339,1772.072
W354,3359.781,3306.6912,3320.9879,3339.6284,3361.69,3385.3018,3409.6779,3434.081,3457.9897,3480.9451,3502.5532,3522.4601,3540.3506
W355,2629.6643,2616.4667,2650.9377,2671.0917,2693.2803,2711.9811,2729.2199,2744.4454,2757.9939,2769.9017,2780.3067,2789.3096,2797.0194
W356,4129.3591,4092.4923,4081.7528,4076.6966,4071.7969,4067.3206,4062.3498,4057.5045,4052.3255,4047.2034,4041.8689,4036.5586,4031.1128
W357,3512.8857,3446.0388,3525.7158,3549.5693,3556.8249,3589.3454,3620.5612,3641.0374,3664.8652,3690.7438,3712.529,3732.3551,3751.636
W358,5652.7676,5499.093,5562.4426,5580.7203,5617.1521,5643.8221,5675.4026,5702.0781,5728.9811,5752.1296,5773.2363,5790.5901,5804.6821
W359,3851.8244,3721.8695,3760.667,3822.8423,3712.4562,3675.6723,3635.0957,3608.2251,3586.6193,3570.2506,3557.3562,3547.1611,3538.9571
